Source,Date,Mean
GCAG,6/12/16,0.7895
GISTEMP,6/12/16,0.81
GCAG,6/11/16,0.7504
GISTEMP,6/11/16,0.93
GCAG,6/10/16,0.7292
GISTEMP,6/10/16,0.89
GCAG,6/9/16,0.8767
GISTEMP,6/9/16,0.87
GCAG,6/8/16,0.8998
GISTEMP,6/8/16,0.98
GCAG,6/7/16,0.8687
GISTEMP,6/7/16,0.83
GCAG,6/6/16,0.9006
GISTEMP,6/6/16,0.76
GCAG,6/5/16,0.8738
GISTEMP,6/5/16,0.93
GCAG,6/4/16,1.0733
GISTEMP,6/4/16,1.09
GCAG,6/3/16,1.2245
GISTEMP,6/3/16,1.3
GCAG,6/2/16,1.1921
GISTEMP,6/2/16,1.35
GCAG,6/1/16,1.0569
GISTEMP,6/1/16,1.17
GCAG,6/12/15,1.1219
GISTEMP,6/12/15,1.11
GCAG,6/11/15,0.9655
GISTEMP,6/11/15,1.04
GCAG,6/10/15,0.9913
GISTEMP,6/10/15,1.06
GCAG,6/9/15,0.926
GISTEMP,6/9/15,0.81
GCAG,6/8/15,0.8746
GISTEMP,6/8/15,0.78
GCAG,6/7/15,0.8072
GISTEMP,6/7/15,0.71
GCAG,6/6/15,0.8835
GISTEMP,6/6/15,0.78
GCAG,6/5/15,0.8584
GISTEMP,6/5/15,0.78
GCAG,6/4/15,0.7741
GISTEMP,6/4/15,0.74
GCAG,6/3/15,0.8969
GISTEMP,6/3/15,0.9
GCAG,6/2/15,0.8843
GISTEMP,6/2/15,0.86
GCAG,6/1/15,0.8141
GISTEMP,6/1/15,0.81
GCAG,6/12/14,0.8308
GISTEMP,6/12/14,0.79
GCAG,6/11/14,0.6895
GISTEMP,6/11/14,0.67
GCAG,6/10/14,0.7851
GISTEMP,6/10/14,0.85
GCAG,6/9/14,0.7872
GISTEMP,6/9/14,0.9
GCAG,6/8/14,0.7986
GISTEMP,6/8/14,0.82
GCAG,6/7/14,0.6988
GISTEMP,6/7/14,0.57
GCAG,6/6/14,0.7623
GISTEMP,6/6/14,0.66
GCAG,6/5/14,0.7938
GISTEMP,6/5/14,0.87
GCAG,6/4/14,0.8006
GISTEMP,6/4/14,0.78
GCAG,6/3/14,0.7695
GISTEMP,6/3/14,0.77
GCAG,6/2/14,0.48
GISTEMP,6/2/14,0.51
GCAG,6/1/14,0.6936
GISTEMP,6/1/14,0.73
GCAG,6/12/13,0.6981
GISTEMP,6/12/13,0.67
GCAG,6/11/13,0.8293
GISTEMP,6/11/13,0.81
GCAG,6/10/13,0.6787
GISTEMP,6/10/13,0.69
GCAG,6/9/13,0.6857
GISTEMP,6/9/13,0.78
GCAG,6/8/13,0.6605
GISTEMP,6/8/13,0.66
GCAG,6/7/13,0.6662
GISTEMP,6/7/13,0.59
GCAG,6/6/13,0.6838
GISTEMP,6/6/13,0.65
GCAG,6/5/13,0.7141
GISTEMP,6/5/13,0.61
GCAG,6/4/13,0.561
GISTEMP,6/4/13,0.52
GCAG,6/3/13,0.6139
GISTEMP,6/3/13,0.66
GCAG,6/2/13,0.6357
GISTEMP,6/2/13,0.55
GCAG,6/1/13,0.5873
GISTEMP,6/1/13,0.68
GCAG,6/12/12,0.4655
GISTEMP,6/12/12,0.53
GCAG,6/11/12,0.7087
GISTEMP,6/11/12,0.75
GCAG,6/10/12,0.7022
GISTEMP,6/10/12,0.78
GCAG,6/9/12,0.7266
GISTEMP,6/9/12,0.76
GCAG,6/8/12,0.6694
GISTEMP,6/8/12,0.63
GCAG,6/7/12,0.6884
GISTEMP,6/7/12,0.57
GCAG,6/6/12,0.7039
GISTEMP,6/6/12,0.62
GCAG,6/5/12,0.7221
GISTEMP,6/5/12,0.76
GCAG,6/4/12,0.7335
GISTEMP,6/4/12,0.69
GCAG,6/3/12,0.5218
GISTEMP,6/3/12,0.58
GCAG,6/2/12,0.4235
GISTEMP,6/2/12,0.49
GCAG,6/1/12,0.4228
GISTEMP,6/1/12,0.46
GCAG,6/12/11,0.5485
GISTEMP,6/12/11,0.54
GCAG,6/11/11,0.4857
GISTEMP,6/11/11,0.56
GCAG,6/10/11,0.6349
GISTEMP,6/10/11,0.66
GCAG,6/9/11,0.5998
GISTEMP,6/9/11,0.56
GCAG,6/8/11,0.616
GISTEMP,6/8/11,0.73
GCAG,6/7/11,0.6282
GISTEMP,6/7/11,0.73
GCAG,6/6/11,0.6465
GISTEMP,6/6/11,0.59
GCAG,6/5/11,0.5741
GISTEMP,6/5/11,0.53
GCAG,6/4/11,0.6522
GISTEMP,6/4/11,0.65
GCAG,6/3/11,0.5915
GISTEMP,6/3/11,0.64
GCAG,6/2/11,0.4976
GISTEMP,6/2/11,0.53
GCAG,6/1/11,0.4706
GISTEMP,6/1/11,0.51
GCAG,6/12/10,0.4894
GISTEMP,6/12/10,0.49
GCAG,6/11/10,0.7682
GISTEMP,6/11/10,0.79
GCAG,6/10/10,0.6268
GISTEMP,6/10/10,0.71
GCAG,6/9/10,0.5724
GISTEMP,6/9/10,0.61
GCAG,6/8/10,0.6595
GISTEMP,6/8/10,0.65
GCAG,6/7/10,0.7287
GISTEMP,6/7/10,0.62
GCAG,6/6/10,0.7339
GISTEMP,6/6/10,0.64
GCAG,6/5/10,0.7582
GISTEMP,6/5/10,0.75
GCAG,6/4/10,0.8287
GISTEMP,6/4/10,0.87
GCAG,6/3/10,0.847
GISTEMP,6/3/10,0.92
GCAG,6/2/10,0.708
GISTEMP,6/2/10,0.78
GCAG,6/1/10,0.6958
GISTEMP,6/1/10,0.73
GCAG,6/12/09,0.6176
GISTEMP,6/12/09,0.65
GCAG,6/11/09,0.6716
GISTEMP,6/11/09,0.77
GCAG,6/10/09,0.6418
GISTEMP,6/10/09,0.64
GCAG,6/9/09,0.7083
GISTEMP,6/9/09,0.7
GCAG,6/8/09,0.6998
GISTEMP,6/8/09,0.66
GCAG,6/7/09,0.6439
GISTEMP,6/7/09,0.72
GCAG,6/6/09,0.6741
GISTEMP,6/6/09,0.65
GCAG,6/5/09,0.5868
GISTEMP,6/5/09,0.65
GCAG,6/4/09,0.6539
GISTEMP,6/4/09,0.61
GCAG,6/3/09,0.5794
GISTEMP,6/3/09,0.53
GCAG,6/2/09,0.5679
GISTEMP,6/2/09,0.53
GCAG,6/1/09,0.5955
GISTEMP,6/1/09,0.62
GCAG,6/12/08,0.5635
GISTEMP,6/12/08,0.54
GCAG,6/11/08,0.6703
GISTEMP,6/11/08,0.66
GCAG,6/10/08,0.669
GISTEMP,6/10/08,0.67
GCAG,6/9/08,0.5318
GISTEMP,6/9/08,0.65
GCAG,6/8/08,0.5594
GISTEMP,6/8/08,0.44
GCAG,6/7/08,0.5796
GISTEMP,6/7/08,0.6
GCAG,6/6/08,0.5314
GISTEMP,6/6/08,0.48
GCAG,6/5/08,0.5011
GISTEMP,6/5/08,0.51
GCAG,6/4/08,0.4827
GISTEMP,6/4/08,0.53
GCAG,6/3/08,0.7625
GISTEMP,6/3/08,0.73
GCAG,6/2/08,0.3774
GISTEMP,6/2/08,0.36
GCAG,6/1/08,0.2746
GISTEMP,6/1/08,0.24
GCAG,6/12/07,0.4872
GISTEMP,6/12/07,0.5
GCAG,6/11/07,0.5172
GISTEMP,6/11/07,0.57
GCAG,6/10/07,0.567
GISTEMP,6/10/07,0.6
GCAG,6/9/07,0.5775
GISTEMP,6/9/07,0.64
GCAG,6/8/07,0.5509
GISTEMP,6/8/07,0.6
GCAG,6/7/07,0.5286
GISTEMP,6/7/07,0.62
GCAG,6/6/07,0.5374
GISTEMP,6/6/07,0.58
GCAG,6/5/07,0.609
GISTEMP,6/5/07,0.67
GCAG,6/4/07,0.7336
GISTEMP,6/4/07,0.76
GCAG,6/3/07,0.6668
GISTEMP,6/3/07,0.7
GCAG,6/2/07,0.6609
GISTEMP,6/2/07,0.7
GCAG,6/1/07,0.8839
GISTEMP,6/1/07,0.96
GCAG,6/12/06,0.7692
GISTEMP,6/12/06,0.77
GCAG,6/11/06,0.6449
GISTEMP,6/11/06,0.72
GCAG,6/10/06,0.6774
GISTEMP,6/10/06,0.69
GCAG,6/9/06,0.6337
GISTEMP,6/9/06,0.64
GCAG,6/8/06,0.6231
GISTEMP,6/8/06,0.72
GCAG,6/7/06,0.6218
GISTEMP,6/7/06,0.54
GCAG,6/6/06,0.6399
GISTEMP,6/6/06,0.64
GCAG,6/5/06,0.5499
GISTEMP,6/5/06,0.47
GCAG,6/4/06,0.5177
GISTEMP,6/4/06,0.5
GCAG,6/3/06,0.5931
GISTEMP,6/3/06,0.63
GCAG,6/2/06,0.6221
GISTEMP,6/2/06,0.7
GCAG,6/1/06,0.4567
GISTEMP,6/1/06,0.57
GCAG,6/12/05,0.6235
GISTEMP,6/12/05,0.68
GCAG,6/11/05,0.728
GISTEMP,6/11/05,0.76
GCAG,6/10/05,0.693
GISTEMP,6/10/05,0.8
GCAG,6/9/05,0.6867
GISTEMP,6/9/05,0.78
GCAG,6/8/05,0.6247
GISTEMP,6/8/05,0.63
GCAG,6/7/05,0.6572
GISTEMP,6/7/05,0.66
GCAG,6/6/05,0.6722
GISTEMP,6/6/05,0.67
GCAG,6/5/05,0.6573
GISTEMP,6/5/05,0.65
GCAG,6/4/05,0.7314
GISTEMP,6/4/05,0.69
GCAG,6/3/05,0.6918
GISTEMP,6/3/05,0.69
GCAG,6/2/05,0.5143
GISTEMP,6/2/05,0.58
GCAG,6/1/05,0.6223
GISTEMP,6/1/05,0.72
GCAG,6/12/04,0.5081
GISTEMP,6/12/04,0.52
GCAG,6/11/04,0.7601
GISTEMP,6/11/04,0.72
GCAG,6/10/04,0.6177
GISTEMP,6/10/04,0.66
GCAG,6/9/04,0.5331
GISTEMP,6/9/04,0.53
GCAG,6/8/04,0.5141
GISTEMP,6/8/04,0.45
GCAG,6/7/04,0.4806
GISTEMP,6/7/04,0.26
GCAG,6/6/04,0.4707
GISTEMP,6/6/04,0.43
GCAG,6/5/04,0.4442
GISTEMP,6/5/04,0.42
GCAG,6/4/04,0.594
GISTEMP,6/4/04,0.62
GCAG,6/3/04,0.6964
GISTEMP,6/3/04,0.64
GCAG,6/2/04,0.7232
GISTEMP,6/2/04,0.71
GCAG,6/1/04,0.5979
GISTEMP,6/1/04,0.59
GCAG,6/12/03,0.7361
GISTEMP,6/12/03,0.75
GCAG,6/11/03,0.5784
GISTEMP,6/11/03,0.55
GCAG,6/10/03,0.7271
GISTEMP,6/10/03,0.75
GCAG,6/9/03,0.6412
GISTEMP,6/9/03,0.66
GCAG,6/8/03,0.6202
GISTEMP,6/8/03,0.66
GCAG,6/7/03,0.5408
GISTEMP,6/7/03,0.55
GCAG,6/6/03,0.5381
GISTEMP,6/6/03,0.49
GCAG,6/5/03,0.5954
GISTEMP,6/5/03,0.62
GCAG,6/4/03,0.5601
GISTEMP,6/4/03,0.55
GCAG,6/3/03,0.5702
GISTEMP,6/3/03,0.57
GCAG,6/2/03,0.5626
GISTEMP,6/2/03,0.55
GCAG,6/1/03,0.6907
GISTEMP,6/1/03,0.73
GCAG,6/12/02,0.4366
GISTEMP,6/12/02,0.43
GCAG,6/11/02,0.5918
GISTEMP,6/11/02,0.59
GCAG,6/10/02,0.4773
GISTEMP,6/10/02,0.57
GCAG,6/9/02,0.5661
GISTEMP,6/9/02,0.65
GCAG,6/8/02,0.5359
GISTEMP,6/8/02,0.55
GCAG,6/7/02,0.6229
GISTEMP,6/7/02,0.62
GCAG,6/6/02,0.589
GISTEMP,6/6/02,0.54
GCAG,6/5/02,0.5656
GISTEMP,6/5/02,0.65
GCAG,6/4/02,0.5725
GISTEMP,6/4/02,0.58
GCAG,6/3/02,0.7887
GISTEMP,6/3/02,0.91
GCAG,6/2/02,0.7846
GISTEMP,6/2/02,0.76
GCAG,6/1/02,0.6962
GISTEMP,6/1/02,0.75
GCAG,6/12/01,0.5128
GISTEMP,6/12/01,0.55
GCAG,6/11/01,0.688
GISTEMP,6/11/01,0.7
GCAG,6/10/01,0.5006
GISTEMP,6/10/01,0.52
GCAG,6/9/01,0.505
GISTEMP,6/9/01,0.56
GCAG,6/8/01,0.6032
GISTEMP,6/8/01,0.49
GCAG,6/7/01,0.5586
GISTEMP,6/7/01,0.61
GCAG,6/6/01,0.5373
GISTEMP,6/6/01,0.55
GCAG,6/5/01,0.5997
GISTEMP,6/5/01,0.59
GCAG,6/4/01,0.5666
GISTEMP,6/4/01,0.52
GCAG,6/3/01,0.6293
GISTEMP,6/3/01,0.58
GCAG,6/2/01,0.3946
GISTEMP,6/2/01,0.46
GCAG,6/1/01,0.472
GISTEMP,6/1/01,0.44
GCAG,6/12/00,0.3192
GISTEMP,6/12/00,0.3
GCAG,6/11/00,0.2557
GISTEMP,6/11/00,0.34
GCAG,6/10/00,0.3027
GISTEMP,6/10/00,0.3
GCAG,6/9/00,0.4384
GISTEMP,6/9/00,0.42
GCAG,6/8/00,0.4557
GISTEMP,6/8/00,0.43
GCAG,6/7/00,0.3919
GISTEMP,6/7/00,0.42
GCAG,6/6/00,0.4076
GISTEMP,6/6/00,0.44
GCAG,6/5/00,0.4657
GISTEMP,6/5/00,0.4
GCAG,6/4/00,0.6311
GISTEMP,6/4/00,0.59
GCAG,6/3/00,0.5561
GISTEMP,6/3/00,0.6
GCAG,6/2/00,0.5439
GISTEMP,6/2/00,0.58
GCAG,6/1/00,0.3467
GISTEMP,6/1/00,0.26
GCAG,6/12/99,0.5779
GISTEMP,6/12/99,0.46
GCAG,6/11/99,0.3688
GISTEMP,6/11/99,0.42
GCAG,6/10/99,0.3773
GISTEMP,6/10/99,0.43
GCAG,6/9/99,0.3976
GISTEMP,6/9/99,0.43
GCAG,6/8/99,0.3695
GISTEMP,6/8/99,0.34
GCAG,6/7/99,0.4029
GISTEMP,6/7/99,0.41
GCAG,6/6/99,0.4203
GISTEMP,6/6/99,0.37
GCAG,6/5/99,0.4086
GISTEMP,6/5/99,0.33
GCAG,6/4/99,0.459
GISTEMP,6/4/99,0.34
GCAG,6/3/99,0.3702
GISTEMP,6/3/99,0.34
GCAG,6/2/99,0.6733
GISTEMP,6/2/99,0.66
GCAG,6/1/99,0.5007
GISTEMP,6/1/99,0.48
GCAG,6/12/98,0.5796
GISTEMP,6/12/98,0.56
GCAG,6/11/98,0.4132
GISTEMP,6/11/98,0.5
GCAG,6/10/98,0.4965
GISTEMP,6/10/98,0.47
GCAG,6/9/98,0.5271
GISTEMP,6/9/98,0.45
GCAG,6/8/98,0.6816
GISTEMP,6/8/98,0.68
GCAG,6/7/98,0.7358
GISTEMP,6/7/98,0.71
GCAG,6/6/98,0.6657
GISTEMP,6/6/98,0.78
GCAG,6/5/98,0.6679
GISTEMP,6/5/98,0.71
GCAG,6/4/98,0.7358
GISTEMP,6/4/98,0.64
GCAG,6/3/98,0.6396
GISTEMP,6/3/98,0.63
GCAG,6/2/98,0.866
GISTEMP,6/2/98,0.9
GCAG,6/1/98,0.6042
GISTEMP,6/1/98,0.61
GCAG,6/12/97,0.6302
GISTEMP,6/12/97,0.6
GCAG,6/11/97,0.5865
GISTEMP,6/11/97,0.66
GCAG,6/10/97,0.6487
GISTEMP,6/10/97,0.64
GCAG,6/9/97,0.625
GISTEMP,6/9/97,0.56
GCAG,6/8/97,0.5491
GISTEMP,6/8/97,0.43
GCAG,6/7/97,0.5101
GISTEMP,6/7/97,0.35
GCAG,6/6/97,0.5308
GISTEMP,6/6/97,0.55
GCAG,6/5/97,0.4235
GISTEMP,6/5/97,0.39
GCAG,6/4/97,0.4551
GISTEMP,6/4/97,0.38
GCAG,6/3/97,0.4617
GISTEMP,6/3/97,0.52
GCAG,6/2/97,0.4288
GISTEMP,6/2/97,0.37
GCAG,6/1/97,0.3746
GISTEMP,6/1/97,0.33
GCAG,6/12/96,0.3893
GISTEMP,6/12/96,0.41
GCAG,6/11/96,0.2816
GISTEMP,6/11/96,0.42
GCAG,6/10/96,0.2276
GISTEMP,6/10/96,0.2
GCAG,6/9/96,0.2696
GISTEMP,6/9/96,0.27
GCAG,6/8/96,0.3206
GISTEMP,6/8/96,0.49
GCAG,6/7/96,0.3238
GISTEMP,6/7/96,0.37
GCAG,6/6/96,0.3547
GISTEMP,6/6/96,0.27
GCAG,6/5/96,0.3908
GISTEMP,6/5/96,0.3
GCAG,6/4/96,0.2725
GISTEMP,6/4/96,0.38
GCAG,6/3/96,0.3242
GISTEMP,6/3/96,0.34
GCAG,6/2/96,0.4562
GISTEMP,6/2/96,0.5
GCAG,6/1/96,0.2625
GISTEMP,6/1/96,0.27
GCAG,6/12/95,0.3477
GISTEMP,6/12/95,0.3
GCAG,6/11/95,0.455
GISTEMP,6/11/95,0.45
GCAG,6/10/95,0.4376
GISTEMP,6/10/95,0.49
GCAG,6/9/95,0.3865
GISTEMP,6/9/95,0.34
GCAG,6/8/95,0.5056
GISTEMP,6/8/95,0.48
GCAG,6/7/95,0.4295
GISTEMP,6/7/95,0.49
GCAG,6/6/95,0.4657
GISTEMP,6/6/95,0.45
GCAG,6/5/95,0.3537
GISTEMP,6/5/95,0.29
GCAG,6/4/95,0.4097
GISTEMP,6/4/95,0.47
GCAG,6/3/95,0.4637
GISTEMP,6/3/95,0.45
GCAG,6/2/95,0.6895
GISTEMP,6/2/95,0.77
GCAG,6/1/95,0.5487
GISTEMP,6/1/95,0.5
GCAG,6/12/94,0.4009
GISTEMP,6/12/94,0.36
GCAG,6/11/94,0.453
GISTEMP,6/11/94,0.46
GCAG,6/10/94,0.4273
GISTEMP,6/10/94,0.42
GCAG,6/9/94,0.33
GISTEMP,6/9/94,0.32
GCAG,6/8/94,0.3119
GISTEMP,6/8/94,0.23
GCAG,6/7/94,0.3155
GISTEMP,6/7/94,0.32
GCAG,6/6/94,0.387
GISTEMP,6/6/94,0.42
GCAG,6/5/94,0.3819
GISTEMP,6/5/94,0.29
GCAG,6/4/94,0.3568
GISTEMP,6/4/94,0.41
GCAG,6/3/94,0.3568
GISTEMP,6/3/94,0.26
GCAG,6/2/94,0.0791
GISTEMP,6/2/94,0.04
GCAG,6/1/94,0.2902
GISTEMP,6/1/94,0.3
GCAG,6/12/93,0.3188
GISTEMP,6/12/93,0.19
GCAG,6/11/93,0.092
GISTEMP,6/11/93,0.07
GCAG,6/10/93,0.2442
GISTEMP,6/10/93,0.24
GCAG,6/9/93,0.1692
GISTEMP,6/9/93,0.11
GCAG,6/8/93,0.2118
GISTEMP,6/8/93,0.13
GCAG,6/7/93,0.2336
GISTEMP,6/7/93,0.28
GCAG,6/6/93,0.293
GISTEMP,6/6/93,0.24
GCAG,6/5/93,0.3438
GISTEMP,6/5/93,0.26
GCAG,6/4/93,0.3155
GISTEMP,6/4/93,0.28
GCAG,6/3/93,0.4208
GISTEMP,6/3/93,0.36
GCAG,6/2/93,0.3967
GISTEMP,6/2/93,0.39
GCAG,6/1/93,0.384
GISTEMP,6/1/93,0.37
GCAG,6/12/92,0.2833
GISTEMP,6/12/92,0.22
GCAG,6/11/92,0.0943
GISTEMP,6/11/92,0.04
GCAG,6/10/92,0.1154
GISTEMP,6/10/92,0.11
GCAG,6/9/92,0.0588
GISTEMP,6/9/92,0.01
GCAG,6/8/92,0.1405
GISTEMP,6/8/92,0.1
GCAG,6/7/92,0.1359
GISTEMP,6/7/92,0.13
GCAG,6/6/92,0.2821
GISTEMP,6/6/92,0.24
GCAG,6/5/92,0.3276
GISTEMP,6/5/92,0.32
GCAG,6/4/92,0.2936
GISTEMP,6/4/92,0.24
GCAG,6/3/92,0.4333
GISTEMP,6/3/92,0.47
GCAG,6/2/92,0.4485
GISTEMP,6/2/92,0.42
GCAG,6/1/92,0.4721
GISTEMP,6/1/92,0.45
GCAG,6/12/91,0.3064
GISTEMP,6/12/91,0.33
GCAG,6/11/91,0.3175
GISTEMP,6/11/91,0.31
GCAG,6/10/91,0.3292
GISTEMP,6/10/91,0.32
GCAG,6/9/91,0.3863
GISTEMP,6/9/91,0.5
GCAG,6/8/91,0.388
GISTEMP,6/8/91,0.42
GCAG,6/7/91,0.4462
GISTEMP,6/7/91,0.51
GCAG,6/6/91,0.4813
GISTEMP,6/6/91,0.54
GCAG,6/5/91,0.4107
GISTEMP,6/5/91,0.39
GCAG,6/4/91,0.5168
GISTEMP,6/4/91,0.53
GCAG,6/3/91,0.3658
GISTEMP,6/3/91,0.36
GCAG,6/2/91,0.4661
GISTEMP,6/2/91,0.51
GCAG,6/1/91,0.4512
GISTEMP,6/1/91,0.42
GCAG,6/12/90,0.4481
GISTEMP,6/12/90,0.42
GCAG,6/11/90,0.4797
GISTEMP,6/11/90,0.46
GCAG,6/10/90,0.4277
GISTEMP,6/10/90,0.43
GCAG,6/9/90,0.3144
GISTEMP,6/9/90,0.3
GCAG,6/8/90,0.3479
GISTEMP,6/8/90,0.3
GCAG,6/7/90,0.3453
GISTEMP,6/7/90,0.44
GCAG,6/6/90,0.4114
GISTEMP,6/6/90,0.38
GCAG,6/5/90,0.4274
GISTEMP,6/5/90,0.46
GCAG,6/4/90,0.4907
GISTEMP,6/4/90,0.55
GCAG,6/3/90,0.7328
GISTEMP,6/3/90,0.76
GCAG,6/2/90,0.4072
GISTEMP,6/2/90,0.41
GCAG,6/1/90,0.3613
GISTEMP,6/1/90,0.41
GCAG,6/12/89,0.4013
GISTEMP,6/12/89,0.37
GCAG,6/11/89,0.2541
GISTEMP,6/11/89,0.21
GCAG,6/10/89,0.3044
GISTEMP,6/10/89,0.32
GCAG,6/9/89,0.3019
GISTEMP,6/9/89,0.37
GCAG,6/8/89,0.3021
GISTEMP,6/8/89,0.36
GCAG,6/7/89,0.3016
GISTEMP,6/7/89,0.34
GCAG,6/6/89,0.2727
GISTEMP,6/6/89,0.15
GCAG,6/5/89,0.2779
GISTEMP,6/5/89,0.17
GCAG,6/4/89,0.2891
GISTEMP,6/4/89,0.33
GCAG,6/3/89,0.336
GISTEMP,6/3/89,0.36
GCAG,6/2/89,0.3072
GISTEMP,6/2/89,0.35
GCAG,6/1/89,0.2157
GISTEMP,6/1/89,0.16
GCAG,6/12/88,0.3626
GISTEMP,6/12/88,0.34
GCAG,6/11/88,0.2291
GISTEMP,6/11/88,0.13
GCAG,6/10/88,0.3009
GISTEMP,6/10/88,0.4
GCAG,6/9/88,0.3211
GISTEMP,6/9/88,0.42
GCAG,6/8/88,0.3199
GISTEMP,6/8/88,0.46
GCAG,6/7/88,0.3431
GISTEMP,6/7/88,0.35
GCAG,6/6/88,0.3865
GISTEMP,6/6/88,0.42
GCAG,6/5/88,0.3811
GISTEMP,6/5/88,0.44
GCAG,6/4/88,0.4426
GISTEMP,6/4/88,0.45
GCAG,6/3/88,0.4828
GISTEMP,6/3/88,0.49
GCAG,6/2/88,0.3901
GISTEMP,6/2/88,0.42
GCAG,6/1/88,0.5487
GISTEMP,6/1/88,0.57
GCAG,6/12/87,0.5316
GISTEMP,6/12/87,0.47
GCAG,6/11/87,0.3306
GISTEMP,6/11/87,0.25
GCAG,6/10/87,0.3347
GISTEMP,6/10/87,0.32
GCAG,6/9/87,0.4321
GISTEMP,6/9/87,0.39
GCAG,6/8/87,0.3832
GISTEMP,6/8/87,0.28
GCAG,6/7/87,0.4182
GISTEMP,6/7/87,0.46
GCAG,6/6/87,0.3013
GISTEMP,6/6/87,0.36
GCAG,6/5/87,0.3339
GISTEMP,6/5/87,0.26
GCAG,6/4/87,0.3009
GISTEMP,6/4/87,0.24
GCAG,6/3/87,0.2541
GISTEMP,6/3/87,0.17
GCAG,6/2/87,0.5028
GISTEMP,6/2/87,0.46
GCAG,6/1/87,0.3115
GISTEMP,6/1/87,0.36
GCAG,6/12/86,0.2179
GISTEMP,6/12/86,0.16
GCAG,6/11/86,0.1548
GISTEMP,6/11/86,0.11
GCAG,6/10/86,0.2066
GISTEMP,6/10/86,0.14
GCAG,6/9/86,0.1716
GISTEMP,6/9/86,0.02
GCAG,6/8/86,0.1698
GISTEMP,6/8/86,0.12
GCAG,6/7/86,0.1686
GISTEMP,6/7/86,0.13
GCAG,6/6/86,0.2534
GISTEMP,6/6/86,0.12
GCAG,6/5/86,0.2507
GISTEMP,6/5/86,0.26
GCAG,6/4/86,0.2613
GISTEMP,6/4/86,0.26
GCAG,6/3/86,0.2966
GISTEMP,6/3/86,0.29
GCAG,6/2/86,0.2788
GISTEMP,6/2/86,0.39
GCAG,6/1/86,0.3249
GISTEMP,6/1/86,0.3
GCAG,6/12/85,0.1978
GISTEMP,6/12/85,0.15
GCAG,6/11/85,0.1181
GISTEMP,6/11/85,0.09
GCAG,6/10/85,0.1303
GISTEMP,6/10/85,0.11
GCAG,6/9/85,0.101
GISTEMP,6/9/85,0.14
GCAG,6/8/85,0.1287
GISTEMP,6/8/85,0.15
GCAG,6/7/85,0.0779
GISTEMP,6/7/85,0
GCAG,6/6/85,0.129
GISTEMP,6/6/85,0.17
GCAG,6/5/85,0.1959
GISTEMP,6/5/85,0.17
GCAG,6/4/85,0.1488
GISTEMP,6/4/85,0.11
GCAG,6/3/85,0.1875
GISTEMP,6/3/85,0.17
GCAG,6/2/85,0.0176
GISTEMP,6/2/85,-0.06
GCAG,6/1/85,0.1783
GISTEMP,6/1/85,0.21
GCAG,6/12/84,-0.0926
GISTEMP,6/12/84,-0.06
GCAG,6/11/84,0.0365
GISTEMP,6/11/84,0.04
GCAG,6/10/84,0.1187
GISTEMP,6/10/84,0.15
GCAG,6/9/84,0.1431
GISTEMP,6/9/84,0.2
GCAG,6/8/84,0.1687
GISTEMP,6/8/84,0.15
GCAG,6/7/84,0.1193
GISTEMP,6/7/84,0.16
GCAG,6/6/84,0.1306
GISTEMP,6/6/84,0.04
GCAG,6/5/84,0.2834
GISTEMP,6/5/84,0.33
GCAG,6/4/84,0.1503
GISTEMP,6/4/84,0.08
GCAG,6/3/84,0.272
GISTEMP,6/3/84,0.29
GCAG,6/2/84,0.1753
GISTEMP,6/2/84,0.17
GCAG,6/1/84,0.2831
GISTEMP,6/1/84,0.3
GCAG,6/12/83,0.2748
GISTEMP,6/12/83,0.17
GCAG,6/11/83,0.4313
GISTEMP,6/11/83,0.3
GCAG,6/10/83,0.2113
GISTEMP,6/10/83,0.15
GCAG,6/9/83,0.3175
GISTEMP,6/9/83,0.38
GCAG,6/8/83,0.3228
GISTEMP,6/8/83,0.3
GCAG,6/7/83,0.2663
GISTEMP,6/7/83,0.15
GCAG,6/6/83,0.2629
GISTEMP,6/6/83,0.18
GCAG,6/5/83,0.2881
GISTEMP,6/5/83,0.35
GCAG,6/4/83,0.2918
GISTEMP,6/4/83,0.3
GCAG,6/3/83,0.4256
GISTEMP,6/3/83,0.42
GCAG,6/2/83,0.4834
GISTEMP,6/2/83,0.4
GCAG,6/1/83,0.5169
GISTEMP,6/1/83,0.52
GCAG,6/12/82,0.4355
GISTEMP,6/12/82,0.43
GCAG,6/11/82,0.151
GISTEMP,6/11/82,0.14
GCAG,6/10/82,0.1771
GISTEMP,6/10/82,0.13
GCAG,6/9/82,0.233
GISTEMP,6/9/82,0.15
GCAG,6/8/82,0.1406
GISTEMP,6/8/82,0.08
GCAG,6/7/82,0.1436
GISTEMP,6/7/82,0.13
GCAG,6/6/82,0.1231
GISTEMP,6/6/82,0.05
GCAG,6/5/82,0.1923
GISTEMP,6/5/82,0.16
GCAG,6/4/82,0.2054
GISTEMP,6/4/82,0.1
GCAG,6/3/82,0.0833
GISTEMP,6/3/82,-0.01
GCAG,6/2/82,0.1593
GISTEMP,6/2/82,0.14
GCAG,6/1/82,0.1342
GISTEMP,6/1/82,0.09
GCAG,6/12/81,0.42
GISTEMP,6/12/81,0.4
GCAG,6/11/81,0.2119
GISTEMP,6/11/81,0.21
GCAG,6/10/81,0.1687
GISTEMP,6/10/81,0.13
GCAG,6/9/81,0.186
GISTEMP,6/9/81,0.17
GCAG,6/8/81,0.2428
GISTEMP,6/8/81,0.35
GCAG,6/7/81,0.2268
GISTEMP,6/7/81,0.35
GCAG,6/6/81,0.2853
GISTEMP,6/6/81,0.31
GCAG,6/5/81,0.262
GISTEMP,6/5/81,0.25
GCAG,6/4/81,0.3579
GISTEMP,6/4/81,0.32
GCAG,6/3/81,0.4083
GISTEMP,6/3/81,0.48
GCAG,6/2/81,0.3629
GISTEMP,6/2/81,0.41
GCAG,6/1/81,0.4656
GISTEMP,6/1/81,0.56
GCAG,6/12/80,0.2674
GISTEMP,6/12/80,0.21
GCAG,6/11/80,0.3319
GISTEMP,6/11/80,0.3
GCAG,6/10/80,0.1821
GISTEMP,6/10/80,0.2
GCAG,6/9/80,0.2008
GISTEMP,6/9/80,0.21
GCAG,6/8/80,0.1957
GISTEMP,6/8/80,0.24
GCAG,6/7/80,0.2172
GISTEMP,6/7/80,0.28
GCAG,6/6/80,0.2474
GISTEMP,6/6/80,0.16
GCAG,6/5/80,0.316
GISTEMP,6/5/80,0.34
GCAG,6/4/80,0.3082
GISTEMP,6/4/80,0.32
GCAG,6/3/80,0.2389
GISTEMP,6/3/80,0.29
GCAG,6/2/80,0.3506
GISTEMP,6/2/80,0.42
GCAG,6/1/80,0.308
GISTEMP,6/1/80,0.3
GCAG,6/12/79,0.5032
GISTEMP,6/12/79,0.47
GCAG,6/11/79,0.2953
GISTEMP,6/11/79,0.29
GCAG,6/10/79,0.2945
GISTEMP,6/10/79,0.26
GCAG,6/9/79,0.2519
GISTEMP,6/9/79,0.27
GCAG,6/8/79,0.2263
GISTEMP,6/8/79,0.14
GCAG,6/7/79,0.1746
GISTEMP,6/7/79,0.03
GCAG,6/6/79,0.2183
GISTEMP,6/6/79,0.14
GCAG,6/5/79,0.1569
GISTEMP,6/5/79,0.06
GCAG,6/4/79,0.1112
GISTEMP,6/4/79,0.13
GCAG,6/3/79,0.243
GISTEMP,6/3/79,0.19
GCAG,6/2/79,0.0922
GISTEMP,6/2/79,-0.09
GCAG,6/1/79,0.1602
GISTEMP,6/1/79,0.14
GCAG,6/12/78,0.1512
GISTEMP,6/12/78,0.11
GCAG,6/11/78,0.2245
GISTEMP,6/11/78,0.16
GCAG,6/10/78,0.0646
GISTEMP,6/10/78,0
GCAG,6/9/78,0.0748
GISTEMP,6/9/78,0.05
GCAG,6/8/78,0.0033
GISTEMP,6/8/78,-0.18
GCAG,6/7/78,0.0699
GISTEMP,6/7/78,0.07
GCAG,6/6/78,0.0532
GISTEMP,6/6/78,-0.03
GCAG,6/5/78,0.0596
GISTEMP,6/5/78,0.07
GCAG,6/4/78,0.1324
GISTEMP,6/4/78,0.15
GCAG,6/3/78,0.2228
GISTEMP,6/3/78,0.21
GCAG,6/2/78,0.1306
GISTEMP,6/2/78,0.14
GCAG,6/1/78,0.1606
GISTEMP,6/1/78,0.08
GCAG,6/12/77,0.1124
GISTEMP,6/12/77,0.05
GCAG,6/11/77,0.2603
GISTEMP,6/11/77,0.2
GCAG,6/10/77,0.1189
GISTEMP,6/10/77,0.04
GCAG,6/9/77,0.1867
GISTEMP,6/9/77,0.02
GCAG,6/8/77,0.1418
GISTEMP,6/8/77,0.19
GCAG,6/7/77,0.1737
GISTEMP,6/7/77,0.23
GCAG,6/6/77,0.2474
GISTEMP,6/6/77,0.25
GCAG,6/5/77,0.2368
GISTEMP,6/5/77,0.3
GCAG,6/4/77,0.282
GISTEMP,6/4/77,0.27
GCAG,6/3/77,0.3109
GISTEMP,6/3/77,0.25
GCAG,6/2/77,0.2384
GISTEMP,6/2/77,0.2
GCAG,6/1/77,0.0639
GISTEMP,6/1/77,0.18
GCAG,6/12/76,0.0906
GISTEMP,6/12/76,0.09
GCAG,6/11/76,-0.0432
GISTEMP,6/11/76,-0.06
GCAG,6/10/76,-0.1821
GISTEMP,6/10/76,-0.26
GCAG,6/9/76,-0.0426
GISTEMP,6/9/76,-0.09
GCAG,6/8/76,-0.0894
GISTEMP,6/8/76,-0.18
GCAG,6/7/76,-0.0846
GISTEMP,6/7/76,-0.12
GCAG,6/6/76,-0.074
GISTEMP,6/6/76,-0.15
GCAG,6/5/76,-0.1228
GISTEMP,6/5/76,-0.23
GCAG,6/4/76,-0.0223
GISTEMP,6/4/76,-0.1
GCAG,6/3/76,-0.2394
GISTEMP,6/3/76,-0.21
GCAG,6/2/76,-0.1221
GISTEMP,6/2/76,-0.06
GCAG,6/1/76,-0.0181
GISTEMP,6/1/76,0
GCAG,6/12/75,-0.0895
GISTEMP,6/12/75,-0.17
GCAG,6/11/75,-0.145
GISTEMP,6/11/75,-0.16
GCAG,6/10/75,-0.1236
GISTEMP,6/10/75,-0.09
GCAG,6/9/75,0.017
GISTEMP,6/9/75,-0.03
GCAG,6/8/75,-0.0671
GISTEMP,6/8/75,-0.2
GCAG,6/7/75,0.0055
GISTEMP,6/7/75,-0.03
GCAG,6/6/75,0.0342
GISTEMP,6/6/75,-0.02
GCAG,6/5/75,0.0693
GISTEMP,6/5/75,0.16
GCAG,6/4/75,0.0779
GISTEMP,6/4/75,0.06
GCAG,6/3/75,0.1096
GISTEMP,6/3/75,0.14
GCAG,6/2/75,0.0326
GISTEMP,6/2/75,0.07
GCAG,6/1/75,0.1201
GISTEMP,6/1/75,0.07
GCAG,6/12/74,-0.0976
GISTEMP,6/12/74,-0.09
GCAG,6/11/74,-0.0671
GISTEMP,6/11/74,-0.07
GCAG,6/10/74,-0.0831
GISTEMP,6/10/74,-0.07
GCAG,6/9/74,-0.0428
GISTEMP,6/9/74,-0.12
GCAG,6/8/74,0.0131
GISTEMP,6/8/74,0.12
GCAG,6/7/74,0.0195
GISTEMP,6/7/74,-0.03
GCAG,6/6/74,-0.0375
GISTEMP,6/6/74,-0.05
GCAG,6/5/74,-0.0246
GISTEMP,6/5/74,-0.01
GCAG,6/4/74,-0.042
GISTEMP,6/4/74,-0.1
GCAG,6/3/74,-0.0509
GISTEMP,6/3/74,-0.05
GCAG,6/2/74,-0.2548
GISTEMP,6/2/74,-0.28
GCAG,6/1/74,-0.1953
GISTEMP,6/1/74,-0.14
GCAG,6/12/73,0.0277
GISTEMP,6/12/73,-0.06
GCAG,6/11/73,0.022
GISTEMP,6/11/73,0.06
GCAG,6/10/73,0.0446
GISTEMP,6/10/73,0.12
GCAG,6/9/73,0.0563
GISTEMP,6/9/73,0.06
GCAG,6/8/73,0.0774
GISTEMP,6/8/73,0.02
GCAG,6/7/73,0.1163
GISTEMP,6/7/73,0.09
GCAG,6/6/73,0.1972
GISTEMP,6/6/73,0.16
GCAG,6/5/73,0.2152
GISTEMP,6/5/73,0.26
GCAG,6/4/73,0.2502
GISTEMP,6/4/73,0.25
GCAG,6/3/73,0.3305
GISTEMP,6/3/73,0.26
GCAG,6/2/73,0.3722
GISTEMP,6/2/73,0.3
GCAG,6/1/73,0.259
GISTEMP,6/1/73,0.28
GCAG,6/12/72,0.2529
GISTEMP,6/12/72,0.18
GCAG,6/11/72,0.0799
GISTEMP,6/11/72,0.03
GCAG,6/10/72,0.0891
GISTEMP,6/10/72,0.09
GCAG,6/9/72,0.0207
GISTEMP,6/9/72,0.03
GCAG,6/8/72,0.0863
GISTEMP,6/8/72,0.18
GCAG,6/7/72,0.0639
GISTEMP,6/7/72,0.02
GCAG,6/6/72,0.0765
GISTEMP,6/6/72,0.04
GCAG,6/5/72,0.0147
GISTEMP,6/5/72,-0.03
GCAG,6/4/72,0.0357
GISTEMP,6/4/72,-0.01
GCAG,6/3/72,0.0014
GISTEMP,6/3/72,0.02
GCAG,6/2/72,-0.1624
GISTEMP,6/2/72,-0.17
GCAG,6/1/72,-0.2415
GISTEMP,6/1/72,-0.24
GCAG,6/12/71,-0.0198
GISTEMP,6/12/71,-0.08
GCAG,6/11/71,0.0363
GISTEMP,6/11/71,-0.04
GCAG,6/10/71,-0.0763
GISTEMP,6/10/71,-0.05
GCAG,6/9/71,-0.0443
GISTEMP,6/9/71,-0.01
GCAG,6/8/71,-0.0688
GISTEMP,6/8/71,-0.03
GCAG,6/7/71,-0.063
GISTEMP,6/7/71,-0.12
GCAG,6/6/71,-0.1243
GISTEMP,6/6/71,-0.18
GCAG,6/5/71,-0.0899
GISTEMP,6/5/71,-0.06
GCAG,6/4/71,-0.1299
GISTEMP,6/4/71,-0.09
GCAG,6/3/71,-0.1412
GISTEMP,6/3/71,-0.18
GCAG,6/2/71,-0.2144
GISTEMP,6/2/71,-0.2
GCAG,6/1/71,-0.0045
GISTEMP,6/1/71,-0.02
GCAG,6/12/70,-0.0954
GISTEMP,6/12/70,-0.13
GCAG,6/11/70,0.0226
GISTEMP,6/11/70,0.01
GCAG,6/10/70,-0.0367
GISTEMP,6/10/70,0.05
GCAG,6/9/70,0.0077
GISTEMP,6/9/70,0.11
GCAG,6/8/70,-0.0198
GISTEMP,6/8/70,-0.11
GCAG,6/7/70,-0.0218
GISTEMP,6/7/70,-0.04
GCAG,6/6/70,0.0295
GISTEMP,6/6/70,-0.03
GCAG,6/5/70,0.0414
GISTEMP,6/5/70,-0.05
GCAG,6/4/70,0.131
GISTEMP,6/4/70,0.09
GCAG,6/3/70,0.0317
GISTEMP,6/3/70,0.08
GCAG,6/2/70,0.2353
GISTEMP,6/2/70,0.22
GCAG,6/1/70,0.1214
GISTEMP,6/1/70,0.09
GCAG,6/12/69,0.2468
GISTEMP,6/12/69,0.27
GCAG,6/11/69,0.1896
GISTEMP,6/11/69,0.12
GCAG,6/10/69,0.0713
GISTEMP,6/10/69,0.11
GCAG,6/9/69,0.0843
GISTEMP,6/9/69,0.1
GCAG,6/8/69,0.0954
GISTEMP,6/8/69,0.03
GCAG,6/7/69,0.0933
GISTEMP,6/7/69,-0.01
GCAG,6/6/69,0.0766
GISTEMP,6/6/69,0.05
GCAG,6/5/69,0.1756
GISTEMP,6/5/69,0.2
GCAG,6/4/69,0.1935
GISTEMP,6/4/69,0.19
GCAG,6/3/69,0.1222
GISTEMP,6/3/69,0
GCAG,6/2/69,-0.1038
GISTEMP,6/2/69,-0.14
GCAG,6/1/69,-0.1295
GISTEMP,6/1/69,-0.11
GCAG,6/12/68,-0.0431
GISTEMP,6/12/68,-0.14
GCAG,6/11/68,0.0156
GISTEMP,6/11/68,-0.04
GCAG,6/10/68,0.0471
GISTEMP,6/10/68,0.12
GCAG,6/9/68,-0.0112
GISTEMP,6/9/68,-0.18
GCAG,6/8/68,-0.0143
GISTEMP,6/8/68,-0.11
GCAG,6/7/68,-0.0197
GISTEMP,6/7/68,-0.11
GCAG,6/6/68,-0.0161
GISTEMP,6/6/68,-0.06
GCAG,6/5/68,-0.0803
GISTEMP,6/5/68,-0.1
GCAG,6/4/68,-0.0703
GISTEMP,6/4/68,-0.05
GCAG,6/3/68,0.1508
GISTEMP,6/3/68,0.21
GCAG,6/2/68,-0.1266
GISTEMP,6/2/68,-0.15
GCAG,6/1/68,-0.1865
GISTEMP,6/1/68,-0.23
GCAG,6/12/67,-0.04
GISTEMP,6/12/67,-0.02
GCAG,6/11/67,-0.0212
GISTEMP,6/11/67,-0.06
GCAG,6/10/67,0.1288
GISTEMP,6/10/67,0.06
GCAG,6/9/67,-0.0317
GISTEMP,6/9/67,-0.04
GCAG,6/8/67,-0.0055
GISTEMP,6/8/67,0.02
GCAG,6/7/67,-0.0177
GISTEMP,6/7/67,0.01
GCAG,6/6/67,-0.0299
GISTEMP,6/6/67,-0.08
GCAG,6/5/67,0.1243
GISTEMP,6/5/67,0.14
GCAG,6/4/67,0.0056
GISTEMP,6/4/67,-0.05
GCAG,6/3/67,0.0029
GISTEMP,6/3/67,0.03
GCAG,6/2/67,-0.1656
GISTEMP,6/2/67,-0.2
GCAG,6/1/67,-0.1068
GISTEMP,6/1/67,-0.06
GCAG,6/12/66,-0.1244
GISTEMP,6/12/66,-0.06
GCAG,6/11/66,-0.0465
GISTEMP,6/11/66,-0.02
GCAG,6/10/66,-0.0592
GISTEMP,6/10/66,-0.15
GCAG,6/9/66,0.0261
GISTEMP,6/9/66,-0.01
GCAG,6/8/66,0.0191
GISTEMP,6/8/66,-0.1
GCAG,6/7/66,0.0667
GISTEMP,6/7/66,0.09
GCAG,6/6/66,0.0577
GISTEMP,6/6/66,0.02
GCAG,6/5/66,-0.0359
GISTEMP,6/5/66,-0.1
GCAG,6/4/66,-0.0908
GISTEMP,6/4/66,-0.13
GCAG,6/3/66,-0.0025
GISTEMP,6/3/66,0.04
GCAG,6/2/66,-0.0373
GISTEMP,6/2/66,0
GCAG,6/1/66,-0.0458
GISTEMP,6/1/66,-0.16
GCAG,6/12/65,-0.0124
GISTEMP,6/12/65,-0.05
GCAG,6/11/65,-0.09
GISTEMP,6/11/65,-0.06
GCAG,6/10/65,0.0238
GISTEMP,6/10/65,-0.04
GCAG,6/9/65,-0.0503
GISTEMP,6/9/65,-0.15
GCAG,6/8/65,-0.0464
GISTEMP,6/8/65,-0.01
GCAG,6/7/65,-0.0841
GISTEMP,6/7/65,-0.12
GCAG,6/6/65,-0.0434
GISTEMP,6/6/65,-0.08
GCAG,6/5/65,-0.0787
GISTEMP,6/5/65,-0.14
GCAG,6/4/65,-0.1875
GISTEMP,6/4/65,-0.2
GCAG,6/3/65,-0.1005
GISTEMP,6/3/65,-0.11
GCAG,6/2/65,-0.1966
GISTEMP,6/2/65,-0.17
GCAG,6/1/65,-0.0699
GISTEMP,6/1/65,-0.09
GCAG,6/12/64,-0.2651
GISTEMP,6/12/64,-0.3
GCAG,6/11/64,-0.2017
GISTEMP,6/11/64,-0.21
GCAG,6/10/64,-0.2665
GISTEMP,6/10/64,-0.3
GCAG,6/9/64,-0.2093
GISTEMP,6/9/64,-0.28
GCAG,6/8/64,-0.1669
GISTEMP,6/8/64,-0.2
GCAG,6/7/64,-0.1111
GISTEMP,6/7/64,-0.07
GCAG,6/6/64,-0.0931
GISTEMP,6/6/64,-0.07
GCAG,6/5/64,-0.098
GISTEMP,6/5/64,-0.25
GCAG,6/4/64,-0.1847
GISTEMP,6/4/64,-0.3
GCAG,6/3/64,-0.1421
GISTEMP,6/3/64,-0.22
GCAG,6/2/64,-0.1048
GISTEMP,6/2/64,-0.12
GCAG,6/1/64,0.0488
GISTEMP,6/1/64,-0.06
GCAG,6/12/63,0.0812
GISTEMP,6/12/63,0
GCAG,6/11/63,0.1947
GISTEMP,6/11/63,0.15
GCAG,6/10/63,0.2148
GISTEMP,6/10/63,0.15
GCAG,6/9/63,0.1629
GISTEMP,6/9/63,0.2
GCAG,6/8/63,0.1579
GISTEMP,6/8/63,0.25
GCAG,6/7/63,0.1382
GISTEMP,6/7/63,0.08
GCAG,6/6/63,0.0499
GISTEMP,6/6/63,0.03
GCAG,6/5/63,0.013
GISTEMP,6/5/63,-0.09
GCAG,6/4/63,-0.0041
GISTEMP,6/4/63,-0.05
GCAG,6/3/63,-0.0216
GISTEMP,6/3/63,-0.13
GCAG,6/2/63,0.2566
GISTEMP,6/2/63,0.19
GCAG,6/1/63,0.0376
GISTEMP,6/1/63,-0.03
GCAG,6/12/62,0.0881
GISTEMP,6/12/62,-0.01
GCAG,6/11/62,0.0745
GISTEMP,6/11/62,0.06
GCAG,6/10/62,0.0796
GISTEMP,6/10/62,-0.03
GCAG,6/9/62,0.0606
GISTEMP,6/9/62,-0.01
GCAG,6/8/62,0.0552
GISTEMP,6/8/62,-0.02
GCAG,6/7/62,0.0905
GISTEMP,6/7/62,-0.02
GCAG,6/6/62,0.0574
GISTEMP,6/6/62,0.06
GCAG,6/5/62,0.0589
GISTEMP,6/5/62,-0.06
GCAG,6/4/62,0.0763
GISTEMP,6/4/62,0.05
GCAG,6/3/62,0.1197
GISTEMP,6/3/62,0.12
GCAG,6/2/62,0.1698
GISTEMP,6/2/62,0.14
GCAG,6/1/62,0.1345
GISTEMP,6/1/62,0.08
GCAG,6/12/61,-0.0171
GISTEMP,6/12/61,-0.15
GCAG,6/11/61,0.016
GISTEMP,6/11/61,0.03
GCAG,6/10/61,-0.035
GISTEMP,6/10/61,0
GCAG,6/9/61,-0.0041
GISTEMP,6/9/61,0.05
GCAG,6/8/61,0.032
GISTEMP,6/8/61,0.02
GCAG,6/7/61,0.035
GISTEMP,6/7/61,-0.03
GCAG,6/6/61,0.1479
GISTEMP,6/6/61,0.12
GCAG,6/5/61,0.1614
GISTEMP,6/5/61,0.13
GCAG,6/4/61,0.1335
GISTEMP,6/4/61,0.15
GCAG,6/3/61,0.1646
GISTEMP,6/3/61,0.09
GCAG,6/2/61,0.1768
GISTEMP,6/2/61,0.18
GCAG,6/1/61,0.1188
GISTEMP,6/1/61,0.07
GCAG,6/12/60,0.2278
GISTEMP,6/12/60,0.18
GCAG,6/11/60,-0.0484
GISTEMP,6/11/60,-0.11
GCAG,6/10/60,0.039
GISTEMP,6/10/60,0.07
GCAG,6/9/60,0.0638
GISTEMP,6/9/60,0.05
GCAG,6/8/60,0.0461
GISTEMP,6/8/60,-0.01
GCAG,6/7/60,0.0339
GISTEMP,6/7/60,-0.02
GCAG,6/6/60,0.0772
GISTEMP,6/6/60,0.01
GCAG,6/5/60,-0.0841
GISTEMP,6/5/60,-0.08
GCAG,6/4/60,-0.0954
GISTEMP,6/4/60,-0.16
GCAG,6/3/60,-0.2041
GISTEMP,6/3/60,-0.36
GCAG,6/2/60,0.1858
GISTEMP,6/2/60,0.14
GCAG,6/1/60,0.0032
GISTEMP,6/1/60,-0.01
GCAG,6/12/59,-0.0343
GISTEMP,6/12/59,-0.03
GCAG,6/11/59,-0.079
GISTEMP,6/11/59,-0.09
GCAG,6/10/59,-0.0137
GISTEMP,6/10/59,-0.09
GCAG,6/9/59,0.097
GISTEMP,6/9/59,-0.06
GCAG,6/8/59,0.0516
GISTEMP,6/8/59,-0.01
GCAG,6/7/59,0.0671
GISTEMP,6/7/59,0.06
GCAG,6/6/59,0.0849
GISTEMP,6/6/59,0.02
GCAG,6/5/59,0.0263
GISTEMP,6/5/59,0.06
GCAG,6/4/59,0.118
GISTEMP,6/4/59,0.16
GCAG,6/3/59,0.2041
GISTEMP,6/3/59,0.19
GCAG,6/2/59,0.0682
GISTEMP,6/2/59,0.09
GCAG,6/1/59,0.125
GISTEMP,6/1/59,0.06
GCAG,6/12/58,0.1452
GISTEMP,6/12/58,0.01
GCAG,6/11/58,0.0896
GISTEMP,6/11/58,0.02
GCAG,6/10/58,0.0405
GISTEMP,6/10/58,0.04
GCAG,6/9/58,0.0186
GISTEMP,6/9/58,-0.03
GCAG,6/8/58,0.0528
GISTEMP,6/8/58,-0.06
GCAG,6/7/58,0.0649
GISTEMP,6/7/58,0.06
GCAG,6/6/58,0.0624
GISTEMP,6/6/58,-0.05
GCAG,6/5/58,0.1007
GISTEMP,6/5/58,0.08
GCAG,6/4/58,0.114
GISTEMP,6/4/58,0.01
GCAG,6/3/58,0.1181
GISTEMP,6/3/58,0.1
GCAG,6/2/58,0.2103
GISTEMP,6/2/58,0.24
GCAG,6/1/58,0.2964
GISTEMP,6/1/58,0.39
GCAG,6/12/57,0.229
GISTEMP,6/12/57,0.16
GCAG,6/11/57,0.1282
GISTEMP,6/11/57,0.07
GCAG,6/10/57,0.0143
GISTEMP,6/10/57,0.01
GCAG,6/9/57,0.0748
GISTEMP,6/9/57,0.06
GCAG,6/8/57,0.1302
GISTEMP,6/8/57,0.14
GCAG,6/7/57,0.0596
GISTEMP,6/7/57,0.01
GCAG,6/6/57,0.1577
GISTEMP,6/6/57,0.16
GCAG,6/5/57,0.1092
GISTEMP,6/5/57,0.08
GCAG,6/4/57,-0.0193
GISTEMP,6/4/57,-0.04
GCAG,6/3/57,-0.068
GISTEMP,6/3/57,-0.05
GCAG,6/2/57,-0.1118
GISTEMP,6/2/57,-0.05
GCAG,6/1/57,-0.1178
GISTEMP,6/1/57,-0.14
GCAG,6/12/56,-0.153
GISTEMP,6/12/56,-0.1
GCAG,6/11/56,-0.1564
GISTEMP,6/11/56,-0.17
GCAG,6/10/56,-0.1989
GISTEMP,6/10/56,-0.24
GCAG,6/9/56,-0.252
GISTEMP,6/9/56,-0.22
GCAG,6/8/56,-0.1866
GISTEMP,6/8/56,-0.25
GCAG,6/7/56,-0.1346
GISTEMP,6/7/56,-0.12
GCAG,6/6/56,-0.1437
GISTEMP,6/6/56,-0.15
GCAG,6/5/56,-0.2275
GISTEMP,6/5/56,-0.28
GCAG,6/4/56,-0.2846
GISTEMP,6/4/56,-0.26
GCAG,6/3/56,-0.2003
GISTEMP,6/3/56,-0.23
GCAG,6/2/56,-0.2732
GISTEMP,6/2/56,-0.25
GCAG,6/1/56,-0.1773
GISTEMP,6/1/56,-0.17
GCAG,6/12/55,-0.2706
GISTEMP,6/12/55,-0.32
GCAG,6/11/55,-0.2373
GISTEMP,6/11/55,-0.28
GCAG,6/10/55,-0.1232
GISTEMP,6/10/55,-0.05
GCAG,6/9/55,-0.0923
GISTEMP,6/9/55,-0.13
GCAG,6/8/55,-0.0262
GISTEMP,6/8/55,0.04
GCAG,6/7/55,-0.0881
GISTEMP,6/7/55,-0.09
GCAG,6/6/55,-0.0695
GISTEMP,6/6/55,-0.08
GCAG,6/5/55,-0.1274
GISTEMP,6/5/55,-0.2
GCAG,6/4/55,-0.2383
GISTEMP,6/4/55,-0.23
GCAG,6/3/55,-0.3091
GISTEMP,6/3/55,-0.36
GCAG,6/2/55,-0.1303
GISTEMP,6/2/55,-0.21
GCAG,6/1/55,0.0879
GISTEMP,6/1/55,0.11
GCAG,6/12/54,-0.1859
GISTEMP,6/12/54,-0.18
GCAG,6/11/54,0.039
GISTEMP,6/11/54,0.08
GCAG,6/10/54,-0.0694
GISTEMP,6/10/54,-0.01
GCAG,6/9/54,-0.0595
GISTEMP,6/9/54,-0.07
GCAG,6/8/54,-0.0913
GISTEMP,6/8/54,-0.13
GCAG,6/7/54,-0.1229
GISTEMP,6/7/54,-0.16
GCAG,6/6/54,-0.1161
GISTEMP,6/6/54,-0.16
GCAG,6/5/54,-0.202
GISTEMP,6/5/54,-0.2
GCAG,6/4/54,-0.1766
GISTEMP,6/4/54,-0.18
GCAG,6/3/54,-0.091
GISTEMP,6/3/54,-0.12
GCAG,6/2/54,-0.0865
GISTEMP,6/2/54,-0.1
GCAG,6/1/54,-0.2352
GISTEMP,6/1/54,-0.28
GCAG,6/12/53,0.0555
GISTEMP,6/12/53,0.03
GCAG,6/11/53,-0.0621
GISTEMP,6/11/53,-0.05
GCAG,6/10/53,0.0723
GISTEMP,6/10/53,0.05
GCAG,6/9/53,0.0632
GISTEMP,6/9/53,0.06
GCAG,6/8/53,0.0812
GISTEMP,6/8/53,0.08
GCAG,6/7/53,0.0662
GISTEMP,6/7/53,0.02
GCAG,6/6/53,0.124
GISTEMP,6/6/53,0.08
GCAG,6/5/53,0.144
GISTEMP,6/5/53,0.08
GCAG,6/4/53,0.1873
GISTEMP,6/4/53,0.2
GCAG,6/3/53,0.1539
GISTEMP,6/3/53,0.11
GCAG,6/2/53,0.1534
GISTEMP,6/2/53,0.16
GCAG,6/1/53,0.1037
GISTEMP,6/1/53,0.09
GCAG,6/12/52,-0.008
GISTEMP,6/12/52,-0.02
GCAG,6/11/52,-0.1975
GISTEMP,6/11/52,-0.17
GCAG,6/10/52,-0.0366
GISTEMP,6/10/52,-0.04
GCAG,6/9/52,0.0653
GISTEMP,6/9/52,0.08
GCAG,6/8/52,0.0647
GISTEMP,6/8/52,0.07
GCAG,6/7/52,0.0735
GISTEMP,6/7/52,0.05
GCAG,6/6/52,0.0396
GISTEMP,6/6/52,-0.04
GCAG,6/5/52,0.034
GISTEMP,6/5/52,-0.05
GCAG,6/4/52,0.0666
GISTEMP,6/4/52,0.02
GCAG,6/3/52,-0.048
GISTEMP,6/3/52,-0.1
GCAG,6/2/52,0.0921
GISTEMP,6/2/52,0.12
GCAG,6/1/52,0.152
GISTEMP,6/1/52,0.16
GCAG,6/12/51,0.2148
GISTEMP,6/12/51,0.15
GCAG,6/11/51,0.026
GISTEMP,6/11/51,0
GCAG,6/10/51,0.1081
GISTEMP,6/10/51,0.06
GCAG,6/9/51,0.1322
GISTEMP,6/9/51,0.07
GCAG,6/8/51,0.113
GISTEMP,6/8/51,0.05
GCAG,6/7/51,0.1101
GISTEMP,6/7/51,0
GCAG,6/6/51,0.0381
GISTEMP,6/6/51,-0.05
GCAG,6/5/51,0.0569
GISTEMP,6/5/51,-0.02
GCAG,6/4/51,-0.0877
GISTEMP,6/4/51,-0.1
GCAG,6/3/51,-0.1689
GISTEMP,6/3/51,-0.19
GCAG,6/2/51,-0.4101
GISTEMP,6/2/51,-0.44
GCAG,6/1/51,-0.2903
GISTEMP,6/1/51,-0.35
GCAG,6/12/50,-0.181
GISTEMP,6/12/50,-0.2
GCAG,6/11/50,-0.3605
GISTEMP,6/11/50,-0.35
GCAG,6/10/50,-0.1661
GISTEMP,6/10/50,-0.2
GCAG,6/9/50,-0.1049
GISTEMP,6/9/50,-0.1
GCAG,6/8/50,-0.1382
GISTEMP,6/8/50,-0.18
GCAG,6/7/50,-0.1053
GISTEMP,6/7/50,-0.09
GCAG,6/6/50,-0.0559
GISTEMP,6/6/50,-0.06
GCAG,6/5/50,-0.0536
GISTEMP,6/5/50,-0.12
GCAG,6/4/50,-0.1706
GISTEMP,6/4/50,-0.21
GCAG,6/3/50,-0.0868
GISTEMP,6/3/50,-0.06
GCAG,6/2/50,-0.2389
GISTEMP,6/2/50,-0.26
GCAG,6/1/50,-0.2777
GISTEMP,6/1/50,-0.3
GCAG,6/12/49,-0.1821
GISTEMP,6/12/49,-0.19
GCAG,6/11/49,-0.0534
GISTEMP,6/11/49,-0.08
GCAG,6/10/49,-0.0297
GISTEMP,6/10/49,-0.03
GCAG,6/9/49,-0.0701
GISTEMP,6/9/49,-0.08
GCAG,6/8/49,-0.0217
GISTEMP,6/8/49,-0.08
GCAG,6/7/49,-0.077
GISTEMP,6/7/49,-0.13
GCAG,6/6/49,-0.1486
GISTEMP,6/6/49,-0.22
GCAG,6/5/49,-0.0063
GISTEMP,6/5/49,-0.09
GCAG,6/4/49,0.0076
GISTEMP,6/4/49,-0.07
GCAG,6/3/49,-0.0732
GISTEMP,6/3/49,-0.01
GCAG,6/2/49,-0.1476
GISTEMP,6/2/49,-0.16
GCAG,6/1/49,0.1209
GISTEMP,6/1/49,0.09
GCAG,6/12/48,-0.1121
GISTEMP,6/12/48,-0.23
GCAG,6/11/48,-0.056
GISTEMP,6/11/48,-0.08
GCAG,6/10/48,-0.065
GISTEMP,6/10/48,-0.07
GCAG,6/9/48,-0.1032
GISTEMP,6/9/48,-0.1
GCAG,6/8/48,-0.0282
GISTEMP,6/8/48,-0.1
GCAG,6/7/48,-0.0622
GISTEMP,6/7/48,-0.13
GCAG,6/6/48,-0.015
GISTEMP,6/6/48,-0.05
GCAG,6/5/48,0.1427
GISTEMP,6/5/48,0.08
GCAG,6/4/48,-0.0646
GISTEMP,6/4/48,-0.09
GCAG,6/3/48,-0.1841
GISTEMP,6/3/48,-0.23
GCAG,6/2/48,-0.0906
GISTEMP,6/2/48,-0.13
GCAG,6/1/48,0.0535
GISTEMP,6/1/48,0.05
GCAG,6/12/47,-0.1463
GISTEMP,6/12/47,-0.18
GCAG,6/11/47,-0.0238
GISTEMP,6/11/47,-0.01
GCAG,6/10/47,0.0549
GISTEMP,6/10/47,0.06
GCAG,6/9/47,-0.1306
GISTEMP,6/9/47,-0.14
GCAG,6/8/47,-0.0623
GISTEMP,6/8/47,-0.08
GCAG,6/7/47,-0.0138
GISTEMP,6/7/47,-0.06
GCAG,6/6/47,0.0208
GISTEMP,6/6/47,0
GCAG,6/5/47,-0.019
GISTEMP,6/5/47,-0.06
GCAG,6/4/47,0.0143
GISTEMP,6/4/47,0.04
GCAG,6/3/47,-0.0079
GISTEMP,6/3/47,0.05
GCAG,6/2/47,-0.0774
GISTEMP,6/2/47,-0.08
GCAG,6/1/47,-0.1816
GISTEMP,6/1/47,-0.13
GCAG,6/12/46,-0.2636
GISTEMP,6/12/46,-0.29
GCAG,6/11/46,-0.0119
GISTEMP,6/11/46,-0.02
GCAG,6/10/46,-0.0057
GISTEMP,6/10/46,-0.06
GCAG,6/9/46,-0.0164
GISTEMP,6/9/46,-0.02
GCAG,6/8/46,-0.0697
GISTEMP,6/8/46,-0.08
GCAG,6/7/46,-0.0367
GISTEMP,6/7/46,-0.09
GCAG,6/6/46,-0.1016
GISTEMP,6/6/46,-0.17
GCAG,6/5/46,-0.0298
GISTEMP,6/5/46,-0.04
GCAG,6/4/46,0.1768
GISTEMP,6/4/46,0.11
GCAG,6/3/46,0.0005
GISTEMP,6/3/46,0
GCAG,6/2/46,0.0888
GISTEMP,6/2/46,0.06
GCAG,6/1/46,0.2209
GISTEMP,6/1/46,0.15
GCAG,6/12/45,-0.0475
GISTEMP,6/12/45,-0.1
GCAG,6/11/45,0.1955
GISTEMP,6/11/45,0.1
GCAG,6/10/45,0.2569
GISTEMP,6/10/45,0.22
GCAG,6/9/45,0.2578
GISTEMP,6/9/45,0.22
GCAG,6/8/45,0.3546
GISTEMP,6/8/45,0.25
GCAG,6/7/45,0.1652
GISTEMP,6/7/45,0.07
GCAG,6/6/45,0.1413
GISTEMP,6/6/45,0.02
GCAG,6/5/45,0.1761
GISTEMP,6/5/45,0.1
GCAG,6/4/45,0.2764
GISTEMP,6/4/45,0.24
GCAG,6/3/45,0.1072
GISTEMP,6/3/45,0.11
GCAG,6/2/45,0.0149
GISTEMP,6/2/45,0.02
GCAG,6/1/45,0.1535
GISTEMP,6/1/45,0.13
GCAG,6/12/44,0.0951
GISTEMP,6/12/44,0.05
GCAG,6/11/44,0.1518
GISTEMP,6/11/44,0.12
GCAG,6/10/44,0.323
GISTEMP,6/10/44,0.27
GCAG,6/9/44,0.3855
GISTEMP,6/9/44,0.31
GCAG,6/8/44,0.2804
GISTEMP,6/8/44,0.23
GCAG,6/7/44,0.3145
GISTEMP,6/7/44,0.23
GCAG,6/6/44,0.3348
GISTEMP,6/6/44,0.22
GCAG,6/5/44,0.2618
GISTEMP,6/5/44,0.26
GCAG,6/4/44,0.2718
GISTEMP,6/4/44,0.27
GCAG,6/3/44,0.3676
GISTEMP,6/3/44,0.34
GCAG,6/2/44,0.3032
GISTEMP,6/2/44,0.31
GCAG,6/1/44,0.4241
GISTEMP,6/1/44,0.41
GCAG,6/12/43,0.3539
GISTEMP,6/12/43,0.28
GCAG,6/11/43,0.2459
GISTEMP,6/11/43,0.25
GCAG,6/10/43,0.3095
GISTEMP,6/10/43,0.3
GCAG,6/9/43,0.1425
GISTEMP,6/9/43,0.11
GCAG,6/8/43,0.0992
GISTEMP,6/8/43,0.03
GCAG,6/7/43,0.183
GISTEMP,6/7/43,0.14
GCAG,6/6/43,0.0245
GISTEMP,6/6/43,-0.01
GCAG,6/5/43,0.1326
GISTEMP,6/5/43,0.1
GCAG,6/4/43,0.1726
GISTEMP,6/4/43,0.13
GCAG,6/3/43,0.0762
GISTEMP,6/3/43,0.01
GCAG,6/2/43,0.1683
GISTEMP,6/2/43,0.22
GCAG,6/1/43,-0.0241
GISTEMP,6/1/43,-0.01
GCAG,6/12/42,0.1515
GISTEMP,6/12/42,0.12
GCAG,6/11/42,0.167
GISTEMP,6/11/42,0.13
GCAG,6/10/42,0.1495
GISTEMP,6/10/42,0.06
GCAG,6/9/42,0.1179
GISTEMP,6/9/42,0
GCAG,6/8/42,0.044
GISTEMP,6/8/42,-0.03
GCAG,6/7/42,0.0768
GISTEMP,6/7/42,0.02
GCAG,6/6/42,0.2098
GISTEMP,6/6/42,0.11
GCAG,6/5/42,0.1665
GISTEMP,6/5/42,0.14
GCAG,6/4/42,0.19
GISTEMP,6/4/42,0.14
GCAG,6/3/42,0.1771
GISTEMP,6/3/42,0.13
GCAG,6/2/42,0.0971
GISTEMP,6/2/42,0.05
GCAG,6/1/42,0.2983
GISTEMP,6/1/42,0.26
GCAG,6/12/41,0.2108
GISTEMP,6/12/41,0.14
GCAG,6/11/41,0.2212
GISTEMP,6/11/41,0.12
GCAG,6/10/41,0.313
GISTEMP,6/10/41,0.24
GCAG,6/9/41,0.0881
GISTEMP,6/9/41,0.02
GCAG,6/8/41,0.1736
GISTEMP,6/8/41,0.14
GCAG,6/7/41,0.2069
GISTEMP,6/7/41,0.15
GCAG,6/6/41,0.1614
GISTEMP,6/6/41,0.04
GCAG,6/5/41,0.2446
GISTEMP,6/5/41,0.1
GCAG,6/4/41,0.2229
GISTEMP,6/4/41,0.11
GCAG,6/3/41,0.1023
GISTEMP,6/3/41,0.06
GCAG,6/2/41,0.227
GISTEMP,6/2/41,0.23
GCAG,6/1/41,0.1802
GISTEMP,6/1/41,0.13
GCAG,6/12/40,0.2683
GISTEMP,6/12/40,0.19
GCAG,6/11/40,0.1004
GISTEMP,6/11/40,0.13
GCAG,6/10/40,0.0993
GISTEMP,6/10/40,0.07
GCAG,6/9/40,0.1483
GISTEMP,6/9/40,0.12
GCAG,6/8/40,0.0902
GISTEMP,6/8/40,0.01
GCAG,6/7/40,0.1459
GISTEMP,6/7/40,0.1
GCAG,6/6/40,0.1039
GISTEMP,6/6/40,0.05
GCAG,6/5/40,0.0556
GISTEMP,6/5/40,0.05
GCAG,6/4/40,0.1286
GISTEMP,6/4/40,0.16
GCAG,6/3/40,0.0671
GISTEMP,6/3/40,0.12
GCAG,6/2/40,0.0514
GISTEMP,6/2/40,0.06
GCAG,6/1/40,-0.1226
GISTEMP,6/1/40,-0.15
GCAG,6/12/39,0.4057
GISTEMP,6/12/39,0.4
GCAG,6/11/39,0.044
GISTEMP,6/11/39,0.06
GCAG,6/10/39,-0.0427
GISTEMP,6/10/39,-0.03
GCAG,6/9/39,0.0111
GISTEMP,6/9/39,0
GCAG,6/8/39,0.0555
GISTEMP,6/8/39,-0.05
GCAG,6/7/39,0.0061
GISTEMP,6/7/39,-0.06
GCAG,6/6/39,-0.0077
GISTEMP,6/6/39,-0.08
GCAG,6/5/39,-0.0366
GISTEMP,6/5/39,-0.07
GCAG,6/4/39,-0.1319
GISTEMP,6/4/39,-0.12
GCAG,6/3/39,-0.1897
GISTEMP,6/3/39,-0.2
GCAG,6/2/39,-0.1137
GISTEMP,6/2/39,-0.12
GCAG,6/1/39,-0.1665
GISTEMP,6/1/39,-0.13
GCAG,6/12/38,-0.2541
GISTEMP,6/12/38,-0.26
GCAG,6/11/38,0.0039
GISTEMP,6/11/38,0.01
GCAG,6/10/38,0.0724
GISTEMP,6/10/38,0.11
GCAG,6/9/38,0.0293
GISTEMP,6/9/38,0.03
GCAG,6/8/38,-0.0149
GISTEMP,6/8/38,-0.04
GCAG,6/7/38,-0.0505
GISTEMP,6/7/38,-0.09
GCAG,6/6/38,-0.0939
GISTEMP,6/6/38,-0.17
GCAG,6/5/38,-0.019
GISTEMP,6/5/38,-0.07
GCAG,6/4/38,0.0428
GISTEMP,6/4/38,0.05
GCAG,6/3/38,0.0308
GISTEMP,6/3/38,0.05
GCAG,6/2/38,-0.054
GISTEMP,6/2/38,-0.04
GCAG,6/1/38,-0.0378
GISTEMP,6/1/38,0
GCAG,6/12/37,-0.0919
GISTEMP,6/12/37,-0.12
GCAG,6/11/37,0.0099
GISTEMP,6/11/37,0.09
GCAG,6/10/37,0.1137
GISTEMP,6/10/37,0.1
GCAG,6/9/37,0.1316
GISTEMP,6/9/37,0.14
GCAG,6/8/37,0.093
GISTEMP,6/8/37,0.03
GCAG,6/7/37,-0.0004
GISTEMP,6/7/37,-0.05
GCAG,6/6/37,0.0126
GISTEMP,6/6/37,-0.08
GCAG,6/5/37,-0.0187
GISTEMP,6/5/37,-0.07
GCAG,6/4/37,-0.1262
GISTEMP,6/4/37,-0.17
GCAG,6/3/37,-0.1823
GISTEMP,6/3/37,-0.17
GCAG,6/2/37,0.0385
GISTEMP,6/2/37,0.05
GCAG,6/1/37,-0.1684
GISTEMP,6/1/37,-0.11
GCAG,6/12/36,-0.0193
GISTEMP,6/12/36,-0.04
GCAG,6/11/36,-0.0275
GISTEMP,6/11/36,-0.05
GCAG,6/10/36,-0.0224
GISTEMP,6/10/36,-0.04
GCAG,6/9/36,-0.0389
GISTEMP,6/9/36,-0.06
GCAG,6/8/36,-0.0557
GISTEMP,6/8/36,-0.12
GCAG,6/7/36,-0.0139
GISTEMP,6/7/36,-0.06
GCAG,6/6/36,-0.1075
GISTEMP,6/6/36,-0.19
GCAG,6/5/36,-0.1178
GISTEMP,6/5/36,-0.17
GCAG,6/4/36,-0.1789
GISTEMP,6/4/36,-0.2
GCAG,6/3/36,-0.2107
GISTEMP,6/3/36,-0.23
GCAG,6/2/36,-0.3137
GISTEMP,6/2/36,-0.39
GCAG,6/1/36,-0.2547
GISTEMP,6/1/36,-0.29
GCAG,6/12/35,-0.1769
GISTEMP,6/12/35,-0.22
GCAG,6/11/35,-0.2707
GISTEMP,6/11/35,-0.29
GCAG,6/10/35,-0.013
GISTEMP,6/10/35,-0.08
GCAG,6/9/35,-0.0916
GISTEMP,6/9/35,-0.17
GCAG,6/8/35,-0.1003
GISTEMP,6/8/35,-0.17
GCAG,6/7/35,-0.1155
GISTEMP,6/7/35,-0.19
GCAG,6/6/35,-0.1706
GISTEMP,6/6/35,-0.23
GCAG,6/5/35,-0.2038
GISTEMP,6/5/35,-0.26
GCAG,6/4/35,-0.2567
GISTEMP,6/4/35,-0.35
GCAG,6/3/35,-0.1475
GISTEMP,6/3/35,-0.13
GCAG,6/2/35,0.1659
GISTEMP,6/2/35,0.11
GCAG,6/1/35,-0.2894
GISTEMP,6/1/35,-0.37
GCAG,6/12/34,-0.0256
GISTEMP,6/12/34,-0.09
GCAG,6/11/34,0.0128
GISTEMP,6/11/34,-0.01
GCAG,6/10/34,-0.0693
GISTEMP,6/10/34,-0.11
GCAG,6/9/34,-0.1226
GISTEMP,6/9/34,-0.16
GCAG,6/8/34,-0.0548
GISTEMP,6/8/34,-0.1
GCAG,6/7/34,-0.0894
GISTEMP,6/7/34,-0.11
GCAG,6/6/34,-0.0025
GISTEMP,6/6/34,-0.14
GCAG,6/5/34,-0.0444
GISTEMP,6/5/34,-0.11
GCAG,6/4/34,-0.2318
GISTEMP,6/4/34,-0.27
GCAG,6/3/34,-0.2574
GISTEMP,6/3/34,-0.31
GCAG,6/2/34,-0.0231
GISTEMP,6/2/34,-0.04
GCAG,6/1/34,-0.3102
GISTEMP,6/1/34,-0.27
GCAG,6/12/33,-0.4069
GISTEMP,6/12/33,-0.47
GCAG,6/11/33,-0.2548
GISTEMP,6/11/33,-0.31
GCAG,6/10/33,-0.1879
GISTEMP,6/10/33,-0.24
GCAG,6/9/33,-0.2214
GISTEMP,6/9/33,-0.26
GCAG,6/8/33,-0.1889
GISTEMP,6/8/33,-0.23
GCAG,6/7/33,-0.181
GISTEMP,6/7/33,-0.2
GCAG,6/6/33,-0.2007
GISTEMP,6/6/33,-0.32
GCAG,6/5/33,-0.2091
GISTEMP,6/5/33,-0.25
GCAG,6/4/33,-0.2044
GISTEMP,6/4/33,-0.23
GCAG,6/3/33,-0.2476
GISTEMP,6/3/33,-0.29
GCAG,6/2/33,-0.3167
GISTEMP,6/2/33,-0.32
GCAG,6/1/33,-0.3073
GISTEMP,6/1/33,-0.34
GCAG,6/12/32,-0.1861
GISTEMP,6/12/32,-0.22
GCAG,6/11/32,-0.1945
GISTEMP,6/11/32,-0.26
GCAG,6/10/32,-0.0926
GISTEMP,6/10/32,-0.1
GCAG,6/9/32,-0.0695
GISTEMP,6/9/32,-0.11
GCAG,6/8/32,-0.1757
GISTEMP,6/8/32,-0.24
GCAG,6/7/32,-0.1208
GISTEMP,6/7/32,-0.24
GCAG,6/6/32,-0.1578
GISTEMP,6/6/32,-0.3
GCAG,6/5/32,-0.1674
GISTEMP,6/5/32,-0.22
GCAG,6/4/32,-0.0324
GISTEMP,6/4/32,-0.07
GCAG,6/3/32,-0.1799
GISTEMP,6/3/32,-0.2
GCAG,6/2/32,-0.1794
GISTEMP,6/2/32,-0.18
GCAG,6/1/32,0.1547
GISTEMP,6/1/32,0.13
GCAG,6/12/31,-0.1052
GISTEMP,6/12/31,-0.1
GCAG,6/11/31,-0.1139
GISTEMP,6/11/31,-0.12
GCAG,6/10/31,0.0092
GISTEMP,6/10/31,0
GCAG,6/9/31,0.0035
GISTEMP,6/9/31,-0.06
GCAG,6/8/31,0.0047
GISTEMP,6/8/31,0
GCAG,6/7/31,-0.0155
GISTEMP,6/7/31,0.01
GCAG,6/6/31,-0.0185
GISTEMP,6/6/31,-0.06
GCAG,6/5/31,-0.1499
GISTEMP,6/5/31,-0.22
GCAG,6/4/31,-0.1625
GISTEMP,6/4/31,-0.21
GCAG,6/3/31,-0.0061
GISTEMP,6/3/31,-0.06
GCAG,6/2/31,-0.2225
GISTEMP,6/2/31,-0.22
GCAG,6/1/31,-0.047
GISTEMP,6/1/31,-0.1
GCAG,6/12/30,0.0064
GISTEMP,6/12/30,-0.09
GCAG,6/11/30,0.1368
GISTEMP,6/11/30,0.14
GCAG,6/10/30,-0.0011
GISTEMP,6/10/30,-0.08
GCAG,6/9/30,-0.1043
GISTEMP,6/9/30,-0.11
GCAG,6/8/30,-0.09
GISTEMP,6/8/30,-0.11
GCAG,6/7/30,-0.0692
GISTEMP,6/7/30,-0.17
GCAG,6/6/30,-0.1135
GISTEMP,6/6/30,-0.19
GCAG,6/5/30,-0.1976
GISTEMP,6/5/30,-0.25
GCAG,6/4/30,-0.195
GISTEMP,6/4/30,-0.26
GCAG,6/3/30,-0.0549
GISTEMP,6/3/30,-0.08
GCAG,6/2/30,-0.2
GISTEMP,6/2/30,-0.24
GCAG,6/1/30,-0.3206
GISTEMP,6/1/30,-0.29
GCAG,6/12/29,-0.5167
GISTEMP,6/12/29,-0.55
GCAG,6/11/29,-0.0971
GISTEMP,6/11/29,-0.14
GCAG,6/10/29,-0.1185
GISTEMP,6/10/29,-0.15
GCAG,6/9/29,-0.2089
GISTEMP,6/9/29,-0.23
GCAG,6/8/29,-0.2078
GISTEMP,6/8/29,-0.29
GCAG,6/7/29,-0.2735
GISTEMP,6/7/29,-0.33
GCAG,6/6/29,-0.2746
GISTEMP,6/6/29,-0.43
GCAG,6/5/29,-0.2886
GISTEMP,6/5/29,-0.39
GCAG,6/4/29,-0.2976
GISTEMP,6/4/29,-0.4
GCAG,6/3/29,-0.2654
GISTEMP,6/3/29,-0.34
GCAG,6/2/29,-0.5495
GISTEMP,6/2/29,-0.61
GCAG,6/1/29,-0.484
GISTEMP,6/1/29,-0.47
GCAG,6/12/28,-0.1713
GISTEMP,6/12/28,-0.2
GCAG,6/11/28,-0.0679
GISTEMP,6/11/28,-0.09
GCAG,6/10/28,-0.1256
GISTEMP,6/10/28,-0.19
GCAG,6/9/28,-0.1904
GISTEMP,6/9/28,-0.2
GCAG,6/8/28,-0.1997
GISTEMP,6/8/28,-0.25
GCAG,6/7/28,-0.1773
GISTEMP,6/7/28,-0.21
GCAG,6/6/28,-0.2777
GISTEMP,6/6/28,-0.41
GCAG,6/5/28,-0.1866
GISTEMP,6/5/28,-0.3
GCAG,6/4/28,-0.2444
GISTEMP,6/4/28,-0.29
GCAG,6/3/28,-0.263
GISTEMP,6/3/28,-0.28
GCAG,6/2/28,-0.145
GISTEMP,6/2/28,-0.12
GCAG,6/1/28,-0.08
GISTEMP,6/1/28,-0.04
GCAG,6/12/27,-0.3132
GISTEMP,6/12/27,-0.36
GCAG,6/11/27,-0.0397
GISTEMP,6/11/27,-0.04
GCAG,6/10/27,0.014
GISTEMP,6/10/27,-0.01
GCAG,6/9/27,-0.0275
GISTEMP,6/9/27,-0.06
GCAG,6/8/27,-0.1145
GISTEMP,6/8/27,-0.19
GCAG,6/7/27,-0.1035
GISTEMP,6/7/27,-0.15
GCAG,6/6/27,-0.2014
GISTEMP,6/6/27,-0.27
GCAG,6/5/27,-0.2286
GISTEMP,6/5/27,-0.25
GCAG,6/4/27,-0.2207
GISTEMP,6/4/27,-0.31
GCAG,6/3/27,-0.2563
GISTEMP,6/3/27,-0.39
GCAG,6/2/27,-0.1917
GISTEMP,6/2/27,-0.21
GCAG,6/1/27,-0.1723
GISTEMP,6/1/27,-0.28
GCAG,6/12/26,-0.2158
GISTEMP,6/12/26,-0.3
GCAG,6/11/26,-0.0784
GISTEMP,6/11/26,-0.06
GCAG,6/10/26,-0.084
GISTEMP,6/10/26,-0.11
GCAG,6/9/26,-0.1031
GISTEMP,6/9/26,-0.11
GCAG,6/8/26,-0.0882
GISTEMP,6/8/26,-0.11
GCAG,6/7/26,-0.1582
GISTEMP,6/7/26,-0.21
GCAG,6/6/26,-0.1224
GISTEMP,6/6/26,-0.25
GCAG,6/5/26,-0.1345
GISTEMP,6/5/26,-0.25
GCAG,6/4/26,-0.1389
GISTEMP,6/4/26,-0.15
GCAG,6/3/26,0.0756
GISTEMP,6/3/26,0.12
GCAG,6/2/26,0.0811
GISTEMP,6/2/26,0.07
GCAG,6/1/26,0.166
GISTEMP,6/1/26,0.2
GCAG,6/12/25,0.1358
GISTEMP,6/12/25,0.11
GCAG,6/11/25,0.0584
GISTEMP,6/11/25,0.03
GCAG,6/10/25,-0.1326
GISTEMP,6/10/25,-0.17
GCAG,6/9/25,-0.104
GISTEMP,6/9/25,-0.13
GCAG,6/8/25,-0.1374
GISTEMP,6/8/25,-0.19
GCAG,6/7/25,-0.2093
GISTEMP,6/7/25,-0.3
GCAG,6/6/25,-0.2291
GISTEMP,6/6/25,-0.34
GCAG,6/5/25,-0.2233
GISTEMP,6/5/25,-0.3
GCAG,6/4/25,-0.1633
GISTEMP,6/4/25,-0.25
GCAG,6/3/25,-0.1692
GISTEMP,6/3/25,-0.24
GCAG,6/2/25,-0.2783
GISTEMP,6/2/25,-0.35
GCAG,6/1/25,-0.3246
GISTEMP,6/1/25,-0.34
GCAG,6/12/24,-0.3912
GISTEMP,6/12/24,-0.43
GCAG,6/11/24,-0.2942
GISTEMP,6/11/24,-0.23
GCAG,6/10/24,-0.2879
GISTEMP,6/10/24,-0.36
GCAG,6/9/24,-0.2836
GISTEMP,6/9/24,-0.3
GCAG,6/8/24,-0.2895
GISTEMP,6/8/24,-0.35
GCAG,6/7/24,-0.2216
GISTEMP,6/7/24,-0.27
GCAG,6/6/24,-0.2259
GISTEMP,6/6/24,-0.28
GCAG,6/5/24,-0.1903
GISTEMP,6/5/24,-0.19
GCAG,6/4/24,-0.2466
GISTEMP,6/4/24,-0.35
GCAG,6/3/24,-0.113
GISTEMP,6/3/24,-0.12
GCAG,6/2/24,-0.1859
GISTEMP,6/2/24,-0.27
GCAG,6/1/24,-0.2536
GISTEMP,6/1/24,-0.24
GCAG,6/12/23,0.0001
GISTEMP,6/12/23,-0.06
GCAG,6/11/23,0.0285
GISTEMP,6/11/23,0.03
GCAG,6/10/23,-0.1619
GISTEMP,6/10/23,-0.13
GCAG,6/9/23,-0.2454
GISTEMP,6/9/23,-0.28
GCAG,6/8/23,-0.2824
GISTEMP,6/8/23,-0.3
GCAG,6/7/23,-0.282
GISTEMP,6/7/23,-0.29
GCAG,6/6/23,-0.1948
GISTEMP,6/6/23,-0.24
GCAG,6/5/23,-0.2488
GISTEMP,6/5/23,-0.33
GCAG,6/4/23,-0.3381
GISTEMP,6/4/23,-0.38
GCAG,6/3/23,-0.2697
GISTEMP,6/3/23,-0.32
GCAG,6/2/23,-0.3785
GISTEMP,6/2/23,-0.37
GCAG,6/1/23,-0.2143
GISTEMP,6/1/23,-0.27
GCAG,6/12/22,-0.1563
GISTEMP,6/12/22,-0.17
GCAG,6/11/22,-0.1929
GISTEMP,6/11/22,-0.17
GCAG,6/10/22,-0.2506
GISTEMP,6/10/22,-0.33
GCAG,6/9/22,-0.2525
GISTEMP,6/9/22,-0.29
GCAG,6/8/22,-0.2793
GISTEMP,6/8/22,-0.31
GCAG,6/7/22,-0.2615
GISTEMP,6/7/22,-0.27
GCAG,6/6/22,-0.282
GISTEMP,6/6/22,-0.32
GCAG,6/5/22,-0.2647
GISTEMP,6/5/22,-0.34
GCAG,6/4/22,-0.1301
GISTEMP,6/4/22,-0.22
GCAG,6/3/22,-0.0787
GISTEMP,6/3/22,-0.13
GCAG,6/2/22,-0.2945
GISTEMP,6/2/22,-0.44
GCAG,6/1/22,-0.3221
GISTEMP,6/1/22,-0.34
GCAG,6/12/21,-0.0822
GISTEMP,6/12/21,-0.18
GCAG,6/11/21,-0.1859
GISTEMP,6/11/21,-0.16
GCAG,6/10/21,-0.0662
GISTEMP,6/10/21,-0.06
GCAG,6/9/21,-0.1481
GISTEMP,6/9/21,-0.16
GCAG,6/8/21,-0.1964
GISTEMP,6/8/21,-0.24
GCAG,6/7/21,-0.1123
GISTEMP,6/7/21,-0.16
GCAG,6/6/21,-0.1665
GISTEMP,6/6/21,-0.31
GCAG,6/5/21,-0.1917
GISTEMP,6/5/21,-0.36
GCAG,6/4/21,-0.2059
GISTEMP,6/4/21,-0.36
GCAG,6/3/21,-0.2176
GISTEMP,6/3/21,-0.28
GCAG,6/2/21,-0.1494
GISTEMP,6/2/21,-0.21
GCAG,6/1/21,-0.0598
GISTEMP,6/1/21,-0.04
GCAG,6/12/20,-0.3886
GISTEMP,6/12/20,-0.47
GCAG,6/11/20,-0.251
GISTEMP,6/11/20,-0.33
GCAG,6/10/20,-0.2096
GISTEMP,6/10/20,-0.29
GCAG,6/9/20,-0.1755
GISTEMP,6/9/20,-0.2
GCAG,6/8/20,-0.2306
GISTEMP,6/8/20,-0.29
GCAG,6/7/20,-0.2436
GISTEMP,6/7/20,-0.32
GCAG,6/6/20,-0.2559
GISTEMP,6/6/20,-0.33
GCAG,6/5/20,-0.1682
GISTEMP,6/5/20,-0.26
GCAG,6/4/20,-0.2098
GISTEMP,6/4/20,-0.26
GCAG,6/3/20,-0.0583
GISTEMP,6/3/20,-0.08
GCAG,6/2/20,-0.2197
GISTEMP,6/2/20,-0.22
GCAG,6/1/20,-0.1157
GISTEMP,6/1/20,-0.15
GCAG,6/12/19,-0.298
GISTEMP,6/12/19,-0.35
GCAG,6/11/19,-0.3178
GISTEMP,6/11/19,-0.29
GCAG,6/10/19,-0.22
GISTEMP,6/10/19,-0.16
GCAG,6/9/19,-0.1833
GISTEMP,6/9/19,-0.17
GCAG,6/8/19,-0.2077
GISTEMP,6/8/19,-0.19
GCAG,6/7/19,-0.2155
GISTEMP,6/7/19,-0.21
GCAG,6/6/19,-0.2348
GISTEMP,6/6/19,-0.28
GCAG,6/5/19,-0.1837
GISTEMP,6/5/19,-0.2
GCAG,6/4/19,-0.0704
GISTEMP,6/4/19,-0.17
GCAG,6/3/19,-0.2393
GISTEMP,6/3/19,-0.25
GCAG,6/2/19,-0.053
GISTEMP,6/2/19,-0.19
GCAG,6/1/19,-0.2424
GISTEMP,6/1/19,-0.21
GCAG,6/12/18,-0.3195
GISTEMP,6/12/18,-0.3
GCAG,6/11/18,-0.1154
GISTEMP,6/11/18,-0.16
GCAG,6/10/18,-0.0998
GISTEMP,6/10/18,-0.03
GCAG,6/9/18,-0.1481
GISTEMP,6/9/18,-0.14
GCAG,6/8/18,-0.1777
GISTEMP,6/8/18,-0.26
GCAG,6/7/18,-0.2024
GISTEMP,6/7/18,-0.22
GCAG,6/6/18,-0.1829
GISTEMP,6/6/18,-0.28
GCAG,6/5/18,-0.276
GISTEMP,6/5/18,-0.37
GCAG,6/4/18,-0.2966
GISTEMP,6/4/18,-0.4
GCAG,6/3/18,-0.1783
GISTEMP,6/3/18,-0.21
GCAG,6/2/18,-0.2892
GISTEMP,6/2/18,-0.33
GCAG,6/1/18,-0.2146
GISTEMP,6/1/18,-0.44
GCAG,6/12/17,-0.5329
GISTEMP,6/12/17,-0.71
GCAG,6/11/17,-0.1348
GISTEMP,6/11/17,-0.29
GCAG,6/10/17,-0.2602
GISTEMP,6/10/17,-0.35
GCAG,6/9/17,-0.0635
GISTEMP,6/9/17,-0.18
GCAG,6/8/17,-0.1726
GISTEMP,6/8/17,-0.26
GCAG,6/7/17,-0.1721
GISTEMP,6/7/17,-0.23
GCAG,6/6/17,-0.3432
GISTEMP,6/6/17,-0.4
GCAG,6/5/17,-0.45
GISTEMP,6/5/17,-0.48
GCAG,6/4/17,-0.3146
GISTEMP,6/4/17,-0.38
GCAG,6/3/17,-0.4287
GISTEMP,6/3/17,-0.47
GCAG,6/2/17,-0.4721
GISTEMP,6/2/17,-0.53
GCAG,6/1/17,-0.4299
GISTEMP,6/1/17,-0.46
GCAG,6/12/16,-0.5742
GISTEMP,6/12/16,-0.78
GCAG,6/11/16,-0.3957
GISTEMP,6/11/16,-0.42
GCAG,6/10/16,-0.2651
GISTEMP,6/10/16,-0.28
GCAG,6/9/16,-0.2616
GISTEMP,6/9/16,-0.29
GCAG,6/8/16,-0.2743
GISTEMP,6/8/16,-0.27
GCAG,6/7/16,-0.2889
GISTEMP,6/7/16,-0.34
GCAG,6/6/16,-0.3834
GISTEMP,6/6/16,-0.44
GCAG,6/5/16,-0.2245
GISTEMP,6/5/16,-0.27
GCAG,6/4/16,-0.1978
GISTEMP,6/4/16,-0.25
GCAG,6/3/16,-0.2944
GISTEMP,6/3/16,-0.31
GCAG,6/2/16,-0.1759
GISTEMP,6/2/16,-0.23
GCAG,6/1/16,-0.1797
GISTEMP,6/1/16,-0.2
GCAG,6/12/15,-0.0503
GISTEMP,6/12/15,-0.25
GCAG,6/11/15,-0.0116
GISTEMP,6/11/15,-0.12
GCAG,6/10/15,-0.1722
GISTEMP,6/10/15,-0.22
GCAG,6/9/15,-0.1111
GISTEMP,6/9/15,-0.12
GCAG,6/8/15,-0.076
GISTEMP,6/8/15,-0.15
GCAG,6/7/15,-0.0284
GISTEMP,6/7/15,-0.03
GCAG,6/6/15,-0.0858
GISTEMP,6/6/15,-0.16
GCAG,6/5/15,-0.0685
GISTEMP,6/5/15,-0.01
GCAG,6/4/15,0.0215
GISTEMP,6/4/15,0.07
GCAG,6/3/15,-0.1011
GISTEMP,6/3/15,-0.08
GCAG,6/2/15,-0.0108
GISTEMP,6/2/15,-0.01
GCAG,6/1/15,-0.1374
GISTEMP,6/1/15,-0.2
GCAG,6/12/14,-0.0998
GISTEMP,6/12/14,-0.1
GCAG,6/11/14,-0.1202
GISTEMP,6/11/14,-0.2
GCAG,6/10/14,-0.0938
GISTEMP,6/10/14,-0.05
GCAG,6/9/14,-0.1781
GISTEMP,6/9/14,-0.13
GCAG,6/8/14,-0.1757
GISTEMP,6/8/14,-0.15
GCAG,6/7/14,-0.2095
GISTEMP,6/7/14,-0.24
GCAG,6/6/14,-0.1963
GISTEMP,6/6/14,-0.22
GCAG,6/5/14,-0.1647
GISTEMP,6/5/14,-0.19
GCAG,6/4/14,-0.2481
GISTEMP,6/4/14,-0.28
GCAG,6/3/14,-0.1633
GISTEMP,6/3/14,-0.23
GCAG,6/2/14,-0.1203
GISTEMP,6/2/14,-0.13
GCAG,6/1/14,0.0961
GISTEMP,6/1/14,0.02
GCAG,6/12/13,-0.0374
GISTEMP,6/12/13,-0.04
GCAG,6/11/13,-0.1371
GISTEMP,6/11/13,-0.18
GCAG,6/10/13,-0.3112
GISTEMP,6/10/13,-0.34
GCAG,6/9/13,-0.3562
GISTEMP,6/9/13,-0.32
GCAG,6/8/13,-0.328
GISTEMP,6/8/13,-0.32
GCAG,6/7/13,-0.3534
GISTEMP,6/7/13,-0.34
GCAG,6/6/13,-0.3779
GISTEMP,6/6/13,-0.46
GCAG,6/5/13,-0.394
GISTEMP,6/5/13,-0.45
GCAG,6/4/13,-0.3506
GISTEMP,6/4/13,-0.36
GCAG,6/3/13,-0.4077
GISTEMP,6/3/13,-0.44
GCAG,6/2/13,-0.3899
GISTEMP,6/2/13,-0.44
GCAG,6/1/13,-0.3513
GISTEMP,6/1/13,-0.41
GCAG,6/12/12,-0.3553
GISTEMP,6/12/12,-0.42
GCAG,6/11/12,-0.4122
GISTEMP,6/11/12,-0.38
GCAG,6/10/12,-0.5185
GISTEMP,6/10/12,-0.55
GCAG,6/9/12,-0.5056
GISTEMP,6/9/12,-0.47
GCAG,6/8/12,-0.4516
GISTEMP,6/8/12,-0.51
GCAG,6/7/12,-0.314
GISTEMP,6/7/12,-0.41
GCAG,6/6/12,-0.26
GISTEMP,6/6/12,-0.26
GCAG,6/5/12,-0.2257
GISTEMP,6/5/12,-0.2
GCAG,6/4/12,-0.2027
GISTEMP,6/4/12,-0.2
GCAG,6/3/12,-0.3123
GISTEMP,6/3/12,-0.37
GCAG,6/2/12,-0.1091
GISTEMP,6/2/12,-0.13
GCAG,6/1/12,-0.2791
GISTEMP,6/1/12,-0.27
GCAG,6/12/11,-0.2456
GISTEMP,6/12/11,-0.25
GCAG,6/11/11,-0.2571
GISTEMP,6/11/11,-0.2
GCAG,6/10/11,-0.3433
GISTEMP,6/10/11,-0.26
GCAG,6/9/11,-0.3983
GISTEMP,6/9/11,-0.38
GCAG,6/8/11,-0.4541
GISTEMP,6/8/11,-0.43
GCAG,6/7/11,-0.4658
GISTEMP,6/7/11,-0.41
GCAG,6/6/11,-0.4443
GISTEMP,6/6/11,-0.47
GCAG,6/5/11,-0.4775
GISTEMP,6/5/11,-0.51
GCAG,6/4/11,-0.5099
GISTEMP,6/4/11,-0.55
GCAG,6/3/11,-0.5697
GISTEMP,6/3/11,-0.62
GCAG,6/2/11,-0.5265
GISTEMP,6/2/11,-0.6
GCAG,6/1/11,-0.5067
GISTEMP,6/1/11,-0.64
GCAG,6/12/10,-0.5626
GISTEMP,6/12/10,-0.69
GCAG,6/11/10,-0.4956
GISTEMP,6/11/10,-0.56
GCAG,6/10/10,-0.4199
GISTEMP,6/10/10,-0.39
GCAG,6/9/10,-0.3322
GISTEMP,6/9/10,-0.37
GCAG,6/8/10,-0.3325
GISTEMP,6/8/10,-0.34
GCAG,6/7/10,-0.3264
GISTEMP,6/7/10,-0.31
GCAG,6/6/10,-0.3525
GISTEMP,6/6/10,-0.36
GCAG,6/5/10,-0.2999
GISTEMP,6/5/10,-0.34
GCAG,6/4/10,-0.339
GISTEMP,6/4/10,-0.39
GCAG,6/3/10,-0.4202
GISTEMP,6/3/10,-0.47
GCAG,6/2/10,-0.3627
GISTEMP,6/2/10,-0.43
GCAG,6/1/10,-0.3035
GISTEMP,6/1/10,-0.44
GCAG,6/12/09,-0.4071
GISTEMP,6/12/09,-0.55
GCAG,6/11/09,-0.2733
GISTEMP,6/11/09,-0.31
GCAG,6/10/09,-0.3935
GISTEMP,6/10/09,-0.39
GCAG,6/9/09,-0.3611
GISTEMP,6/9/09,-0.37
GCAG,6/8/09,-0.3052
GISTEMP,6/8/09,-0.3
GCAG,6/7/09,-0.435
GISTEMP,6/7/09,-0.43
GCAG,6/6/09,-0.4145
GISTEMP,6/6/09,-0.52
GCAG,6/5/09,-0.4512
GISTEMP,6/5/09,-0.54
GCAG,6/4/09,-0.5264
GISTEMP,6/4/09,-0.59
GCAG,6/3/09,-0.5399
GISTEMP,6/3/09,-0.52
GCAG,6/2/09,-0.4563
GISTEMP,6/2/09,-0.47
GCAG,6/1/09,-0.5499
GISTEMP,6/1/09,-0.7
GCAG,6/12/08,-0.3846
GISTEMP,6/12/08,-0.5
GCAG,6/11/08,-0.4833
GISTEMP,6/11/08,-0.51
GCAG,6/10/08,-0.5169
GISTEMP,6/10/08,-0.43
GCAG,6/9/08,-0.3973
GISTEMP,6/9/08,-0.33
GCAG,6/8/08,-0.4787
GISTEMP,6/8/08,-0.45
GCAG,6/7/08,-0.3874
GISTEMP,6/7/08,-0.35
GCAG,6/6/08,-0.4062
GISTEMP,6/6/08,-0.39
GCAG,6/5/08,-0.3982
GISTEMP,6/5/08,-0.4
GCAG,6/4/08,-0.4832
GISTEMP,6/4/08,-0.46
GCAG,6/3/08,-0.6041
GISTEMP,6/3/08,-0.58
GCAG,6/2/08,-0.3753
GISTEMP,6/2/08,-0.36
GCAG,6/1/08,-0.36
GISTEMP,6/1/08,-0.46
GCAG,6/12/07,-0.3922
GISTEMP,6/12/07,-0.5
GCAG,6/11/07,-0.5055
GISTEMP,6/11/07,-0.51
GCAG,6/10/07,-0.3047
GISTEMP,6/10/07,-0.24
GCAG,6/9/07,-0.3364
GISTEMP,6/9/07,-0.32
GCAG,6/8/07,-0.3378
GISTEMP,6/8/07,-0.37
GCAG,6/7/07,-0.3547
GISTEMP,6/7/07,-0.35
GCAG,6/6/07,-0.3742
GISTEMP,6/6/07,-0.43
GCAG,6/5/07,-0.4669
GISTEMP,6/5/07,-0.46
GCAG,6/4/07,-0.3508
GISTEMP,6/4/07,-0.4
GCAG,6/3/07,-0.276
GISTEMP,6/3/07,-0.25
GCAG,6/2/07,-0.4038
GISTEMP,6/2/07,-0.53
GCAG,6/1/07,-0.3443
GISTEMP,6/1/07,-0.44
GCAG,6/12/06,-0.165
GISTEMP,6/12/06,-0.18
GCAG,6/11/06,-0.3676
GISTEMP,6/11/06,-0.38
GCAG,6/10/06,-0.2809
GISTEMP,6/10/06,-0.2
GCAG,6/9/06,-0.3053
GISTEMP,6/9/06,-0.25
GCAG,6/8/06,-0.2362
GISTEMP,6/8/06,-0.19
GCAG,6/7/06,-0.2467
GISTEMP,6/7/06,-0.27
GCAG,6/6/06,-0.1768
GISTEMP,6/6/06,-0.22
GCAG,6/5/06,-0.2166
GISTEMP,6/5/06,-0.21
GCAG,6/4/06,-0.0514
GISTEMP,6/4/06,-0.02
GCAG,6/3/06,-0.1484
GISTEMP,6/3/06,-0.15
GCAG,6/2/06,-0.2379
GISTEMP,6/2/06,-0.34
GCAG,6/1/06,-0.1755
GISTEMP,6/1/06,-0.31
GCAG,6/12/05,-0.1334
GISTEMP,6/12/05,-0.21
GCAG,6/11/05,-0.0916
GISTEMP,6/11/05,-0.08
GCAG,6/10/05,-0.296
GISTEMP,6/10/05,-0.23
GCAG,6/9/05,-0.2239
GISTEMP,6/9/05,-0.15
GCAG,6/8/05,-0.2275
GISTEMP,6/8/05,-0.21
GCAG,6/7/05,-0.1918
GISTEMP,6/7/05,-0.25
GCAG,6/6/05,-0.2503
GISTEMP,6/6/05,-0.31
GCAG,6/5/05,-0.2879
GISTEMP,6/5/05,-0.33
GCAG,6/4/05,-0.4481
GISTEMP,6/4/05,-0.36
GCAG,6/3/05,-0.394
GISTEMP,6/3/05,-0.25
GCAG,6/2/05,-0.6187
GISTEMP,6/2/05,-0.59
GCAG,6/1/05,-0.354
GISTEMP,6/1/05,-0.38
GCAG,6/12/04,-0.2414
GISTEMP,6/12/04,-0.29
GCAG,6/11/04,-0.1686
GISTEMP,6/11/04,-0.16
GCAG,6/10/04,-0.4066
GISTEMP,6/10/04,-0.35
GCAG,6/9/04,-0.4632
GISTEMP,6/9/04,-0.47
GCAG,6/8/04,-0.4314
GISTEMP,6/8/04,-0.43
GCAG,6/7/04,-0.4597
GISTEMP,6/7/04,-0.48
GCAG,6/6/04,-0.4403
GISTEMP,6/6/04,-0.49
GCAG,6/5/04,-0.4282
GISTEMP,6/5/04,-0.5
GCAG,6/4/04,-0.4717
GISTEMP,6/4/04,-0.5
GCAG,6/3/04,-0.5129
GISTEMP,6/3/04,-0.46
GCAG,6/2/04,-0.467
GISTEMP,6/2/04,-0.55
GCAG,6/1/04,-0.5416
GISTEMP,6/1/04,-0.64
GCAG,6/12/03,-0.3861
GISTEMP,6/12/03,-0.47
GCAG,6/11/03,-0.395
GISTEMP,6/11/03,-0.38
GCAG,6/10/03,-0.4357
GISTEMP,6/10/03,-0.42
GCAG,6/9/03,-0.3756
GISTEMP,6/9/03,-0.43
GCAG,6/8/03,-0.4296
GISTEMP,6/8/03,-0.44
GCAG,6/7/03,-0.334
GISTEMP,6/7/03,-0.3
GCAG,6/6/03,-0.3759
GISTEMP,6/6/03,-0.44
GCAG,6/5/03,-0.3912
GISTEMP,6/5/03,-0.41
GCAG,6/4/03,-0.354
GISTEMP,6/4/03,-0.39
GCAG,6/3/03,-0.2755
GISTEMP,6/3/03,-0.23
GCAG,6/2/03,-0.08
GISTEMP,6/2/03,-0.06
GCAG,6/1/03,-0.2101
GISTEMP,6/1/03,-0.27
GCAG,6/12/02,-0.3592
GISTEMP,6/12/02,-0.46
GCAG,6/11/02,-0.343
GISTEMP,6/11/02,-0.36
GCAG,6/10/02,-0.2821
GISTEMP,6/10/02,-0.27
GCAG,6/9/02,-0.2315
GISTEMP,6/9/02,-0.2
GCAG,6/8/02,-0.2643
GISTEMP,6/8/02,-0.28
GCAG,6/7/02,-0.2902
GISTEMP,6/7/02,-0.26
GCAG,6/6/02,-0.3324
GISTEMP,6/6/02,-0.34
GCAG,6/5/02,-0.2616
GISTEMP,6/5/02,-0.31
GCAG,6/4/02,-0.2697
GISTEMP,6/4/02,-0.27
GCAG,6/3/02,-0.1954
GISTEMP,6/3/02,-0.29
GCAG,6/2/02,-0.0409
GISTEMP,6/2/02,-0.03
GCAG,6/1/02,-0.0856
GISTEMP,6/1/02,-0.19
GCAG,6/12/01,-0.2372
GISTEMP,6/12/01,-0.3
GCAG,6/11/01,-0.1425
GISTEMP,6/11/01,-0.17
GCAG,6/10/01,-0.2786
GISTEMP,6/10/01,-0.29
GCAG,6/9/01,-0.2059
GISTEMP,6/9/01,-0.17
GCAG,6/8/01,-0.1299
GISTEMP,6/8/01,-0.13
GCAG,6/7/01,-0.1563
GISTEMP,6/7/01,-0.09
GCAG,6/6/01,-0.1273
GISTEMP,6/6/01,-0.1
GCAG,6/5/01,-0.1248
GISTEMP,6/5/01,-0.18
GCAG,6/4/01,-0.0646
GISTEMP,6/4/01,-0.06
GCAG,6/3/01,-0.0327
GISTEMP,6/3/01,0.05
GCAG,6/2/01,-0.0741
GISTEMP,6/2/01,-0.05
GCAG,6/1/01,-0.1259
GISTEMP,6/1/01,-0.3
GCAG,6/12/00,0.032
GISTEMP,6/12/00,-0.14
GCAG,6/11/00,-0.1345
GISTEMP,6/11/00,-0.13
GCAG,6/10/00,0.0464
GISTEMP,6/10/00,0.08
GCAG,6/9/00,-0.06
GISTEMP,6/9/00,0.01
GCAG,6/8/00,-0.0708
GISTEMP,6/8/00,-0.04
GCAG,6/7/00,-0.0728
GISTEMP,6/7/00,-0.09
GCAG,6/6/00,-0.045
GISTEMP,6/6/00,-0.15
GCAG,6/5/00,-0.0371
GISTEMP,6/5/00,-0.06
GCAG,6/4/00,-0.0985
GISTEMP,6/4/00,-0.14
GCAG,6/3/00,-0.0402
GISTEMP,6/3/00,0.02
GCAG,6/2/00,-0.0934
GISTEMP,6/2/00,-0.08
GCAG,6/1/00,-0.2404
GISTEMP,6/1/00,-0.4
GCAG,1899-12-06,-0.1656
GISTEMP,1899-12-06,-0.27
GCAG,1899-11-06,0.1523
GISTEMP,1899-11-06,0.12
GCAG,1899-10-06,-0.0241
GISTEMP,1899-10-06,0
GCAG,1899-09-06,-0.0307
GISTEMP,1899-09-06,0
GCAG,1899-08-06,-0.0664
GISTEMP,1899-08-06,-0.04
GCAG,1899-07-06,-0.1259
GISTEMP,1899-07-06,-0.13
GCAG,1899-06-06,-0.1977
GISTEMP,1899-06-06,-0.26
GCAG,1899-05-06,-0.1203
GISTEMP,1899-05-06,-0.2
GCAG,1899-04-06,-0.1946
GISTEMP,1899-04-06,-0.21
GCAG,1899-03-06,-0.2549
GISTEMP,1899-03-06,-0.35
GCAG,1899-02-06,-0.2787
GISTEMP,1899-02-06,-0.39
GCAG,1899-01-06,-0.1005
GISTEMP,1899-01-06,-0.18
GCAG,1898-12-06,-0.0073
GISTEMP,1898-12-06,-0.22
GCAG,1898-11-06,-0.2417
GISTEMP,1898-11-06,-0.35
GCAG,1898-10-06,-0.3234
GISTEMP,1898-10-06,-0.32
GCAG,1898-09-06,-0.1968
GISTEMP,1898-09-06,-0.19
GCAG,1898-08-06,-0.2306
GISTEMP,1898-08-06,-0.22
GCAG,1898-07-06,-0.2426
GISTEMP,1898-07-06,-0.22
GCAG,1898-06-06,-0.2078
GISTEMP,1898-06-06,-0.2
GCAG,1898-05-06,-0.2887
GISTEMP,1898-05-06,-0.35
GCAG,1898-04-06,-0.3467
GISTEMP,1898-04-06,-0.33
GCAG,1898-03-06,-0.6515
GISTEMP,1898-03-06,-0.55
GCAG,1898-02-06,-0.2785
GISTEMP,1898-02-06,-0.34
GCAG,1898-01-06,-0.0399
GISTEMP,1898-01-06,-0.06
GCAG,1897-12-06,-0.2989
GISTEMP,1897-12-06,-0.26
GCAG,1897-11-06,-0.2619
GISTEMP,1897-11-06,-0.18
GCAG,1897-10-06,-0.1608
GISTEMP,1897-10-06,-0.1
GCAG,1897-09-06,-0.0247
GISTEMP,1897-09-06,-0.04
GCAG,1897-08-06,-0.0735
GISTEMP,1897-08-06,-0.03
GCAG,1897-07-06,-0.0401
GISTEMP,1897-07-06,-0.04
GCAG,1897-06-06,-0.1
GISTEMP,1897-06-06,-0.12
GCAG,1897-05-06,-0.0256
GISTEMP,1897-05-06,0
GCAG,1897-04-06,-0.0032
GISTEMP,1897-04-06,-0.01
GCAG,1897-03-06,-0.1863
GISTEMP,1897-03-06,-0.12
GCAG,1897-02-06,-0.1086
GISTEMP,1897-02-06,-0.19
GCAG,1897-01-06,-0.1857
GISTEMP,1897-01-06,-0.22
GCAG,1896-12-06,0.049
GISTEMP,1896-12-06,-0.12
GCAG,1896-11-06,-0.1659
GISTEMP,1896-11-06,-0.16
GCAG,1896-10-06,-0.0056
GISTEMP,1896-10-06,0.04
GCAG,1896-09-06,-0.0679
GISTEMP,1896-09-06,-0.05
GCAG,1896-08-06,-0.0723
GISTEMP,1896-08-06,-0.09
GCAG,1896-07-06,-0.0509
GISTEMP,1896-07-06,-0.06
GCAG,1896-06-06,-0.0925
GISTEMP,1896-06-06,-0.13
GCAG,1896-05-06,-0.1042
GISTEMP,1896-05-06,-0.19
GCAG,1896-04-06,-0.266
GISTEMP,1896-04-06,-0.33
GCAG,1896-03-06,-0.2079
GISTEMP,1896-03-06,-0.29
GCAG,1896-02-06,-0.0789
GISTEMP,1896-02-06,-0.15
GCAG,1896-01-06,-0.1056
GISTEMP,1896-01-06,-0.23
GCAG,1895-12-06,-0.069
GISTEMP,1895-12-06,-0.12
GCAG,1895-11-06,-0.1602
GISTEMP,1895-11-06,-0.15
GCAG,1895-10-06,-0.1317
GISTEMP,1895-10-06,-0.11
GCAG,1895-09-06,-0.1329
GISTEMP,1895-09-06,-0.02
GCAG,1895-08-06,-0.2243
GISTEMP,1895-08-06,-0.16
GCAG,1895-07-06,-0.201
GISTEMP,1895-07-06,-0.16
GCAG,1895-06-06,-0.2938
GISTEMP,1895-06-06,-0.25
GCAG,1895-05-06,-0.2076
GISTEMP,1895-05-06,-0.23
GCAG,1895-04-06,-0.1868
GISTEMP,1895-04-06,-0.23
GCAG,1895-03-06,-0.2879
GISTEMP,1895-03-06,-0.3
GCAG,1895-02-06,-0.4136
GISTEMP,1895-02-06,-0.42
GCAG,1895-01-06,-0.4389
GISTEMP,1895-01-06,-0.44
GCAG,1894-12-06,-0.2412
GISTEMP,1894-12-06,-0.22
GCAG,1894-11-06,-0.2979
GISTEMP,1894-11-06,-0.25
GCAG,1894-10-06,-0.2135
GISTEMP,1894-10-06,-0.17
GCAG,1894-09-06,-0.2531
GISTEMP,1894-09-06,-0.23
GCAG,1894-08-06,-0.2735
GISTEMP,1894-08-06,-0.29
GCAG,1894-07-06,-0.2738
GISTEMP,1894-07-06,-0.32
GCAG,1894-06-06,-0.3487
GISTEMP,1894-06-06,-0.43
GCAG,1894-05-06,-0.3018
GISTEMP,1894-05-06,-0.3
GCAG,1894-04-06,-0.3023
GISTEMP,1894-04-06,-0.41
GCAG,1894-03-06,-0.2064
GISTEMP,1894-03-06,-0.2
GCAG,1894-02-06,-0.2215
GISTEMP,1894-02-06,-0.31
GCAG,1894-01-06,-0.436
GISTEMP,1894-01-06,-0.55
GCAG,1893-12-06,-0.2452
GISTEMP,1893-12-06,-0.38
GCAG,1893-11-06,-0.1657
GISTEMP,1893-11-06,-0.17
GCAG,1893-10-06,-0.2099
GISTEMP,1893-10-06,-0.16
GCAG,1893-09-06,-0.2587
GISTEMP,1893-09-06,-0.18
GCAG,1893-08-06,-0.3281
GISTEMP,1893-08-06,-0.24
GCAG,1893-07-06,-0.2018
GISTEMP,1893-07-06,-0.14
GCAG,1893-06-06,-0.2405
GISTEMP,1893-06-06,-0.24
GCAG,1893-05-06,-0.3421
GISTEMP,1893-05-06,-0.35
GCAG,1893-04-06,-0.35
GISTEMP,1893-04-06,-0.32
GCAG,1893-03-06,-0.2218
GISTEMP,1893-03-06,-0.24
GCAG,1893-02-06,-0.6107
GISTEMP,1893-02-06,-0.51
GCAG,1893-01-06,-0.6796
GISTEMP,1893-01-06,-0.69
GCAG,1892-12-06,-0.4708
GISTEMP,1892-12-06,-0.29
GCAG,1892-11-06,-0.4728
GISTEMP,1892-11-06,-0.49
GCAG,1892-10-06,-0.2464
GISTEMP,1892-10-06,-0.17
GCAG,1892-09-06,-0.2198
GISTEMP,1892-09-06,-0.25
GCAG,1892-08-06,-0.3279
GISTEMP,1892-08-06,-0.2
GCAG,1892-07-06,-0.3497
GISTEMP,1892-07-06,-0.28
GCAG,1892-06-06,-0.2831
GISTEMP,1892-06-06,-0.2
GCAG,1892-05-06,-0.3081
GISTEMP,1892-05-06,-0.25
GCAG,1892-04-06,-0.3203
GISTEMP,1892-04-06,-0.35
GCAG,1892-03-06,-0.3032
GISTEMP,1892-03-06,-0.36
GCAG,1892-02-06,-0.1353
GISTEMP,1892-02-06,-0.15
GCAG,1892-01-06,-0.2372
GISTEMP,1892-01-06,-0.26
GCAG,1891-12-06,-0.0421
GISTEMP,1891-12-06,-0.03
GCAG,1891-11-06,-0.3968
GISTEMP,1891-11-06,-0.37
GCAG,1891-10-06,-0.2861
GISTEMP,1891-10-06,-0.24
GCAG,1891-09-06,-0.1514
GISTEMP,1891-09-06,-0.13
GCAG,1891-08-06,-0.2313
GISTEMP,1891-08-06,-0.21
GCAG,1891-07-06,-0.2264
GISTEMP,1891-07-06,-0.22
GCAG,1891-06-06,-0.2023
GISTEMP,1891-06-06,-0.22
GCAG,1891-05-06,-0.1374
GISTEMP,1891-05-06,-0.17
GCAG,1891-04-06,-0.2523
GISTEMP,1891-04-06,-0.25
GCAG,1891-03-06,-0.212
GISTEMP,1891-03-06,-0.15
GCAG,1891-02-06,-0.5228
GISTEMP,1891-02-06,-0.49
GCAG,1891-01-06,-0.3772
GISTEMP,1891-01-06,-0.46
GCAG,1890-12-06,-0.2302
GISTEMP,1890-12-06,-0.3
GCAG,1890-11-06,-0.3419
GISTEMP,1890-11-06,-0.37
GCAG,1890-10-06,-0.2941
GISTEMP,1890-10-06,-0.23
GCAG,1890-09-06,-0.3508
GISTEMP,1890-09-06,-0.36
GCAG,1890-08-06,-0.3257
GISTEMP,1890-08-06,-0.36
GCAG,1890-07-06,-0.2802
GISTEMP,1890-07-06,-0.3
GCAG,1890-06-06,-0.2875
GISTEMP,1890-06-06,-0.27
GCAG,1890-05-06,-0.3892
GISTEMP,1890-05-06,-0.48
GCAG,1890-04-06,-0.2588
GISTEMP,1890-04-06,-0.38
GCAG,1890-03-06,-0.3189
GISTEMP,1890-03-06,-0.41
GCAG,1890-02-06,-0.4268
GISTEMP,1890-02-06,-0.48
GCAG,1890-01-06,-0.3594
GISTEMP,1890-01-06,-0.48
GCAG,1889-12-06,-0.175
GISTEMP,1889-12-06,-0.31
GCAG,1889-11-06,-0.2769
GISTEMP,1889-11-06,-0.32
GCAG,1889-10-06,-0.1913
GISTEMP,1889-10-06,-0.22
GCAG,1889-09-06,-0.2264
GISTEMP,1889-09-06,-0.18
GCAG,1889-08-06,-0.137
GISTEMP,1889-08-06,-0.18
GCAG,1889-07-06,-0.1604
GISTEMP,1889-07-06,-0.05
GCAG,1889-06-06,-0.0698
GISTEMP,1889-06-06,-0.12
GCAG,1889-05-06,-0.0326
GISTEMP,1889-05-06,-0.03
GCAG,1889-04-06,0.0496
GISTEMP,1889-04-06,0.04
GCAG,1889-03-06,0.1207
GISTEMP,1889-03-06,0.04
GCAG,1889-02-06,0.0152
GISTEMP,1889-02-06,0.14
GCAG,1889-01-06,-0.0944
GISTEMP,1889-01-06,-0.21
GCAG,1888-12-06,0.0445
GISTEMP,1888-12-06,-0.12
GCAG,1888-11-06,-0.0418
GISTEMP,1888-11-06,0
GCAG,1888-10-06,0.019
GISTEMP,1888-10-06,0.01
GCAG,1888-09-06,-0.069
GISTEMP,1888-09-06,-0.07
GCAG,1888-08-06,-0.1633
GISTEMP,1888-08-06,-0.11
GCAG,1888-07-06,-0.1149
GISTEMP,1888-07-06,-0.1
GCAG,1888-06-06,-0.0943
GISTEMP,1888-06-06,-0.2
GCAG,1888-05-06,-0.1561
GISTEMP,1888-05-06,-0.22
GCAG,1888-04-06,-0.1761
GISTEMP,1888-04-06,-0.28
GCAG,1888-03-06,-0.2974
GISTEMP,1888-03-06,-0.47
GCAG,1888-02-06,-0.3288
GISTEMP,1888-02-06,-0.43
GCAG,1888-01-06,-0.3871
GISTEMP,1888-01-06,-0.43
GCAG,1887-12-06,-0.1988
GISTEMP,1887-12-06,-0.38
GCAG,1887-11-06,-0.1572
GISTEMP,1887-11-06,-0.25
GCAG,1887-10-06,-0.2995
GISTEMP,1887-10-06,-0.32
GCAG,1887-09-06,-0.1827
GISTEMP,1887-09-06,-0.19
GCAG,1887-08-06,-0.3148
GISTEMP,1887-08-06,-0.28
GCAG,1887-07-06,-0.2707
GISTEMP,1887-07-06,-0.19
GCAG,1887-06-06,-0.2149
GISTEMP,1887-06-06,-0.21
GCAG,1887-05-06,-0.239
GISTEMP,1887-05-06,-0.33
GCAG,1887-04-06,-0.1899
GISTEMP,1887-04-06,-0.37
GCAG,1887-03-06,-0.1655
GISTEMP,1887-03-06,-0.32
GCAG,1887-02-06,-0.3745
GISTEMP,1887-02-06,-0.48
GCAG,1887-01-06,-0.3792
GISTEMP,1887-01-06,-0.66
GCAG,1886-12-06,-0.163
GISTEMP,1886-12-06,-0.25
GCAG,1886-11-06,-0.1952
GISTEMP,1886-11-06,-0.26
GCAG,1886-10-06,-0.2261
GISTEMP,1886-10-06,-0.25
GCAG,1886-09-06,-0.1969
GISTEMP,1886-09-06,-0.19
GCAG,1886-08-06,-0.2146
GISTEMP,1886-08-06,-0.31
GCAG,1886-07-06,-0.1599
GISTEMP,1886-07-06,-0.16
GCAG,1886-06-06,-0.2468
GISTEMP,1886-06-06,-0.39
GCAG,1886-05-06,-0.1573
GISTEMP,1886-05-06,-0.27
GCAG,1886-04-06,-0.1679
GISTEMP,1886-04-06,-0.29
GCAG,1886-03-06,-0.2823
GISTEMP,1886-03-06,-0.41
GCAG,1886-02-06,-0.2795
GISTEMP,1886-02-06,-0.46
GCAG,1886-01-06,-0.1143
GISTEMP,1886-01-06,-0.43
GCAG,1885-12-06,0.05
GISTEMP,1885-12-06,-0.07
GCAG,1885-11-06,-0.1262
GISTEMP,1885-11-06,-0.22
GCAG,1885-10-06,-0.1289
GISTEMP,1885-10-06,-0.2
GCAG,1885-09-06,-0.1963
GISTEMP,1885-09-06,-0.19
GCAG,1885-08-06,-0.2407
GISTEMP,1885-08-06,-0.27
GCAG,1885-07-06,-0.2375
GISTEMP,1885-07-06,-0.29
GCAG,1885-06-06,-0.3052
GISTEMP,1885-06-06,-0.5
GCAG,1885-05-06,-0.2787
GISTEMP,1885-05-06,-0.42
GCAG,1885-04-06,-0.2564
GISTEMP,1885-04-06,-0.45
GCAG,1885-03-06,-0.1473
GISTEMP,1885-03-06,-0.24
GCAG,1885-02-06,-0.2558
GISTEMP,1885-02-06,-0.3
GCAG,1885-01-06,-0.4267
GISTEMP,1885-01-06,-0.66
GCAG,1884-12-06,-0.144
GISTEMP,1884-12-06,-0.3
GCAG,1884-11-06,-0.2692
GISTEMP,1884-11-06,-0.3
GCAG,1884-10-06,-0.1695
GISTEMP,1884-10-06,-0.22
GCAG,1884-09-06,-0.2238
GISTEMP,1884-09-06,-0.24
GCAG,1884-08-06,-0.2698
GISTEMP,1884-08-06,-0.27
GCAG,1884-07-06,-0.2985
GISTEMP,1884-07-06,-0.35
GCAG,1884-06-06,-0.1939
GISTEMP,1884-06-06,-0.38
GCAG,1884-05-06,-0.1282
GISTEMP,1884-05-06,-0.32
GCAG,1884-04-06,-0.1809
GISTEMP,1884-04-06,-0.36
GCAG,1884-03-06,-0.2061
GISTEMP,1884-03-06,-0.36
GCAG,1884-02-06,-0.143
GISTEMP,1884-02-06,-0.13
GCAG,1884-01-06,-0.1843
GISTEMP,1884-01-06,-0.18
GCAG,1883-12-06,-0.0738
GISTEMP,1883-12-06,-0.19
GCAG,1883-11-06,-0.1683
GISTEMP,1883-11-06,-0.21
GCAG,1883-10-06,-0.1612
GISTEMP,1883-10-06,-0.12
GCAG,1883-09-06,-0.1467
GISTEMP,1883-09-06,-0.19
GCAG,1883-08-06,-0.0526
GISTEMP,1883-08-06,-0.14
GCAG,1883-07-06,-0.0849
GISTEMP,1883-07-06,-0.09
GCAG,1883-06-06,-0.0066
GISTEMP,1883-06-06,-0.13
GCAG,1883-05-06,-0.1455
GISTEMP,1883-05-06,-0.26
GCAG,1883-04-06,-0.1746
GISTEMP,1883-04-06,-0.25
GCAG,1883-03-06,-0.1326
GISTEMP,1883-03-06,-0.18
GCAG,1883-02-06,-0.2915
GISTEMP,1883-02-06,-0.42
GCAG,1883-01-06,-0.2707
GISTEMP,1883-01-06,-0.34
GCAG,1882-12-06,-0.1705
GISTEMP,1882-12-06,-0.25
GCAG,1882-11-06,-0.1279
GISTEMP,1882-11-06,-0.21
GCAG,1882-10-06,-0.2101
GISTEMP,1882-10-06,-0.23
GCAG,1882-09-06,0.0077
GISTEMP,1882-09-06,-0.01
GCAG,1882-08-06,-0.0037
GISTEMP,1882-08-06,0.03
GCAG,1882-07-06,-0.0666
GISTEMP,1882-07-06,-0.11
GCAG,1882-06-06,-0.1391
GISTEMP,1882-06-06,-0.25
GCAG,1882-05-06,-0.1459
GISTEMP,1882-05-06,-0.18
GCAG,1882-04-06,-0.1241
GISTEMP,1882-04-06,-0.2
GCAG,1882-03-06,0.0754
GISTEMP,1882-03-06,0.01
GCAG,1882-02-06,0.0385
GISTEMP,1882-02-06,0.08
GCAG,1882-01-06,0.0883
GISTEMP,1882-01-06,0.09
GCAG,1881-12-06,-0.0439
GISTEMP,1881-12-06,-0.16
GCAG,1881-11-06,-0.2194
GISTEMP,1881-11-06,-0.26
GCAG,1881-10-06,-0.2207
GISTEMP,1881-10-06,-0.2
GCAG,1881-09-06,-0.1824
GISTEMP,1881-09-06,-0.09
GCAG,1881-08-06,-0.0519
GISTEMP,1881-08-06,-0.03
GCAG,1881-07-06,-0.0329
GISTEMP,1881-07-06,-0.07
GCAG,1881-06-06,-0.0892
GISTEMP,1881-06-06,-0.28
GCAG,1881-05-06,0.0284
GISTEMP,1881-05-06,-0.04
GCAG,1881-04-06,0.0734
GISTEMP,1881-04-06,-0.03
GCAG,1881-03-06,0.0348
GISTEMP,1881-03-06,0.01
GCAG,1881-02-06,-0.0296
GISTEMP,1881-02-06,-0.14
GCAG,1881-01-06,-0.0205
GISTEMP,1881-01-06,-0.1
GCAG,1880-12-06,-0.0775
GISTEMP,1880-12-06,-0.22
GCAG,1880-11-06,-0.2672
GISTEMP,1880-11-06,-0.19
GCAG,1880-10-06,-0.1786
GISTEMP,1880-10-06,-0.16
GCAG,1880-09-06,-0.0817
GISTEMP,1880-09-06,-0.17
GCAG,1880-08-06,-0.0725
GISTEMP,1880-08-06,-0.08
GCAG,1880-07-06,-0.1491
GISTEMP,1880-07-06,-0.24
GCAG,1880-06-06,-0.1692
GISTEMP,1880-06-06,-0.29
GCAG,1880-05-06,-0.0738
GISTEMP,1880-05-06,-0.14
GCAG,1880-04-06,-0.0499
GISTEMP,1880-04-06,-0.27
GCAG,1880-03-06,-0.1357
GISTEMP,1880-03-06,-0.18
GCAG,1880-02-06,-0.1229
GISTEMP,1880-02-06,-0.21
GCAG,1880-01-06,0.0009
GISTEMP,1880-01-06,-0.3